Model_y,Make_y,Year,atvType,cylinders,displ,trany,VehicleID,AdjWeight,comb08,combinedUF,combE,highway08U,rangeHwyA,RangeHwy,Range,city08U,UCity,UHighway
Defender 90,Land Rover,2023,ICE,4.0,2.0,Automatic (S8),45099,5675.0,19.0,0.0,0.0,20.7578,0.0,0.0,0.0,17.8574,22.3491,30.5805
Sportage FWD,Kia,2023,ICE,4.0,2.5,Automatic (S8),45101,4119.444444444444,28.0,0.0,0.0,31.7208,0.0,0.0,0.0,24.8603,32.1057,45.68710000000001
Sportage AWD,Kia,2023,ICE,4.0,2.5,Automatic (S8),45102,4119.444444444444,25.0,0.0,0.0,28.439900000000005,0.0,0.0,0.0,22.6477,28.956499999999995,40.49
Discovery,Land Rover,2023,ICE,4.0,2.0,Automatic (S8),45103,5250.0,21.0,0.0,0.0,22.2428,0.0,0.0,0.0,19.3318,24.3528,33.7329
Discovery MHEV,Land Rover,2023,HEV,6.0,3.0,Automatic (S8),45104,5250.0,22.0,0.0,0.0,25.217,0.0,0.0,0.0,19.4394,24.4829,35.5392
Defender 110,Land Rover,2023,ICE,4.0,2.0,Automatic (S8),45105,5675.0,18.0,0.0,0.0,20.1674,0.0,0.0,0.0,16.6221,20.6902,29.455400000000004
Defender 110 MHEV,Land Rover,2023,HEV,6.0,3.0,Automatic (S8),45106,5675.0,20.0,0.0,0.0,22.6469,0.0,0.0,0.0,18.2647,22.9121,31.552100000000003
Defender 90 MHEV,Land Rover,2023,HEV,6.0,3.0,Automatic (S8),45107,5675.0,20.0,0.0,0.0,22.6469,0.0,0.0,0.0,18.2647,22.9121,31.552100000000003
Defender 90,Land Rover,2023,ICE,8.0,5.0,Automatic (S8),45108,5675.0,16.0,0.0,0.0,19.0116,0.0,0.0,0.0,14.8182,18.3475,26.2277
Defender 110,Land Rover,2023,ICE,8.0,5.0,Automatic (S8),45109,5675.0,16.0,0.0,0.0,18.6021,0.0,0.0,0.0,14.2845,17.6252,25.5562
Discovery Sport,Land Rover,2023,ICE,4.0,2.0,Automatic (S9),45158,5250.0,20.0,0.0,0.0,23.409000000000002,0.0,0.0,0.0,18.5255,23.2538,34.2146
F-Type R AWD Coupe,Jaguar,2023,ICE,8.0,5.0,Automatic (S8),45180,4375.0,18.0,0.0,0.0,24.0365,0.0,0.0,0.0,15.5008,19.2287,33.7286
F-Type R AWD Convertible,Jaguar,2023,ICE,8.0,5.0,Automatic (S8),45181,4375.0,18.0,0.0,0.0,24.0365,0.0,0.0,0.0,15.5008,19.2287,33.7286
F-Type P450 RWD Coupe,Jaguar,2023,ICE,8.0,5.0,Automatic (S8),45182,4375.0,19.0,0.0,0.0,24.2996,0.0,0.0,0.0,16.6294,20.7335,34.0972
F-Type P450 RWD Convertible,Jaguar,2023,ICE,8.0,5.0,Automatic (S8),45183,4375.0,19.0,0.0,0.0,24.2996,0.0,0.0,0.0,16.6294,20.7335,34.0972
F-Type P450 AWD R-Dynamic Coupe,Jaguar,2023,ICE,8.0,5.0,Automatic (S8),45184,4375.0,18.0,0.0,0.0,24.0365,0.0,0.0,0.0,15.5008,19.2287,33.7286
F-Type P450 AWD R-Dynamic Convertible,Jaguar,2023,ICE,8.0,5.0,Automatic (S8),45185,4375.0,18.0,0.0,0.0,24.0365,0.0,0.0,0.0,15.5008,19.2287,33.7286
G70 AWD,Genesis,2023,ICE,6.0,3.3,Automatic (S8),45186,4211.538461538462,20.0,0.0,0.0,25.7441,0.0,0.0,0.0,17.4478,21.1738,32.5675
G70 RWD,Genesis,2023,ICE,6.0,3.3,Automatic (S8),45187,4211.538461538462,21.0,0.0,0.0,26.508,0.0,0.0,0.0,17.5272,21.3151,33.9222
G70 RWD,Genesis,2023,ICE,4.0,2.0,Automatic (S8),45188,4211.538461538462,25.0,0.0,0.0,31.3199,0.0,0.0,0.0,21.2129,26.9477,45.0455
G70 AWD,Genesis,2023,ICE,4.0,2.0,Automatic (S8),45202,4211.538461538462,23.0,0.0,0.0,27.6779,0.0,0.0,0.0,19.8767,25.1,39.3
Odyssey,Honda,2023,ICE,6.0,3.5,Automatic (S10),45203,4875.0,22.0,0.0,0.0,27.7882,0.0,0.0,0.0,19.4381,24.4983,39.4719
GV70 AWD,Genesis,2023,ICE,4.0,2.5,Automatic (S8),45204,4650.0,22.0,0.0,0.0,25.6735,0.0,0.0,0.0,19.4394,24.5,36.2
GV70 AWD,Genesis,2023,ICE,6.0,3.5,Automatic (S8),45206,4650.0,21.0,0.0,0.0,24.4556,0.0,0.0,0.0,18.5384,23.2713,34.3374
Sportage Hybrid AWD,Kia,2023,HEV,4.0,1.6,Automatic (AM-S6),45207,4119.444444444444,38.0,0.0,0.0,37.9799,0.0,0.0,0.0,38.2202,52.1815,49.903600000000004
Sportage Hybrid FWD,Kia,2023,HEV,4.0,1.6,Automatic (AM-S6),45208,4119.444444444444,43.0,0.0,0.0,44.31210000000001,0.0,0.0,0.0,42.2521,57.70000000000001,55.6
GV80 AWD,Genesis,2023,ICE,4.0,2.5,Automatic (S8),45209,5062.5,22.0,0.0,0.0,24.445,0.0,0.0,0.0,20.4005,25.8216,36.452
GV80 AWD,Genesis,2023,ICE,6.0,3.5,Automatic (S8),45210,5062.5,20.0,0.0,0.0,22.7134,0.0,0.0,0.0,18.1909,22.8,31.7
Cooper Convertible,MINI,2023,ICE,3.0,1.5,Automatic (AM-S7),45221,3530.2083333333335,32.0,0.0,0.0,38.1744,0.0,0.0,0.0,28.732700000000005,37.7728,56.2715
Cooper Convertible,MINI,2023,ICE,3.0,1.5,Manual 6-spd,45222,3530.2083333333335,31.0,0.0,0.0,37.3544,0.0,0.0,0.0,27.2824,35.6267,54.8991
Cooper Hardtop 2 door,MINI,2023,ICE,3.0,1.5,Automatic (AM-S7),45227,3530.2083333333335,32.0,0.0,0.0,38.1744,0.0,0.0,0.0,28.732700000000005,37.7728,56.2715
Cooper Hardtop 2 door,MINI,2023,ICE,3.0,1.5,Manual 6-spd,45228,3530.2083333333335,31.0,0.0,0.0,37.3544,0.0,0.0,0.0,27.2824,35.6267,54.8991
Cooper Hardtop 4 door,MINI,2023,ICE,3.0,1.5,Automatic (AM-S7),45229,3530.2083333333335,32.0,0.0,0.0,38.1744,0.0,0.0,0.0,28.732700000000005,37.7728,56.2715
Cooper Hardtop 4 door,MINI,2023,ICE,3.0,1.5,Manual 6-spd,45230,3530.2083333333335,31.0,0.0,0.0,37.3544,0.0,0.0,0.0,27.2824,35.6267,54.8991
X2 M35i,BMW,2023,ICE,4.0,2.0,Automatic (S8),45231,3937.5,27.0,0.0,0.0,30.9548,0.0,0.0,0.0,23.7549,30.5245,44.4629
Stinger AWD,Kia,2023,ICE,4.0,2.5,Automatic (S8),45235,4250.0,24.0,0.0,0.0,28.8967,0.0,0.0,0.0,20.5219,25.4537,39.014
Stinger RWD,Kia,2023,ICE,4.0,2.5,Automatic (S8),45236,4250.0,25.0,0.0,0.0,31.5813,0.0,0.0,0.0,21.6699,27.6387,41.0734
Stinger AWD,Kia,2023,ICE,6.0,3.3,Automatic (S8),45237,4250.0,20.0,0.0,0.0,24.3844,0.0,0.0,0.0,17.2255,20.9882,30.7697
Stinger RWD,Kia,2023,ICE,6.0,3.3,Automatic (S8),45238,4250.0,20.0,0.0,0.0,25.2069,0.0,0.0,0.0,17.7679,22.0791,32.3866
G90 AWD,Genesis,2023,ICE,6.0,3.5,Automatic (S8),45243,5428.571428571428,21.0,0.0,0.0,25.6084,0.0,0.0,0.0,18.0431,22.6,36.1
Seltos FWD,Kia,2023,ICE,4.0,2.0,Automatic (AV-S8),45244,3458.3333333333335,31.0,0.0,0.0,34.5703,0.0,0.0,0.0,29.3533,38.7,50.3
E-Pace,Jaguar,2023,ICE,4.0,2.0,Automatic (S9),45247,4500.0,23.0,0.0,0.0,25.6807,0.0,0.0,0.0,20.4918,25.9478,37.3858
Seltos AWD,Kia,2023,ICE,4.0,1.6,Automatic (AM-S7),45248,3458.3333333333335,27.0,0.0,0.0,29.9076,0.0,0.0,0.0,25.0648,32.4,42.8
Seltos AWD,Kia,2023,ICE,4.0,2.0,Automatic (AV-S8),45249,3458.3333333333335,29.0,0.0,0.0,30.9153,0.0,0.0,0.0,26.8552,35.0,44.4
CX-50 4WD,Mazda,2023,ICE,4.0,2.5,Automatic (S6),45250,4138.888888888889,27.0,0.0,0.0,30.2457,0.0,0.0,0.0,24.2067,31.1688,43.3355
Cooper S Convertible,MINI,2023,ICE,4.0,2.0,Automatic (AM-S7),45260,3530.2083333333335,30.0,0.0,0.0,36.0296,0.0,0.0,0.0,26.5817,34.6,52.6992
Cooper S Convertible,MINI,2023,ICE,4.0,2.0,Manual 6-spd,45261,3530.2083333333335,27.0,0.0,0.0,32.9713,0.0,0.0,0.0,23.244700000000005,29.8,47.70000000000001
Cooper S Hardtop 2 door,MINI,2023,ICE,4.0,2.0,Automatic (AM-S7),45267,3530.2083333333335,31.0,0.0,0.0,37.8335,0.0,0.0,0.0,27.7043,36.2481,55.69989999999999
Cooper S Hardtop 2 door,MINI,2023,ICE,4.0,2.0,Manual 6-spd,45268,3530.2083333333335,27.0,0.0,0.0,33.3751,0.0,0.0,0.0,22.929999999999996,29.3548,48.3537
Cooper S Hardtop 4 door,MINI,2023,ICE,4.0,2.0,Automatic (AM-S7),45269,3530.2083333333335,31.0,0.0,0.0,37.8335,0.0,0.0,0.0,27.7043,36.2481,55.69989999999999
Cooper S Hardtop 4 door,MINI,2023,ICE,4.0,2.0,Manual 6-spd,45270,3530.2083333333335,27.0,0.0,0.0,33.3751,0.0,0.0,0.0,22.929999999999996,29.3548,48.3537
X2 xDrive28i,BMW,2023,ICE,4.0,2.0,Automatic (S8),45274,3937.5,27.0,0.0,0.0,30.9548,0.0,0.0,0.0,23.7549,30.5245,44.4629
X2 sDrive28i,BMW,2023,ICE,4.0,2.0,Automatic (S8),45275,3937.5,27.0,0.0,0.0,31.7437,0.0,0.0,0.0,23.7794,30.5594,45.7238
G90 MHEV,Genesis,2023,HEV,6.0,3.5,Automatic (S8),45283,5428.571428571428,20.0,0.0,0.0,24.4848,0.0,0.0,0.0,17.2531,22.7,35.0
BRZ,Subaru,2023,ICE,4.0,2.4,Manual 6-spd,45288,3208.3333333333335,22.0,0.0,0.0,26.8141,0.0,0.0,0.0,19.6187,24.7457,37.9587
BRZ,Subaru,2023,ICE,4.0,2.4,Automatic (S6),45289,3208.3333333333335,25.0,0.0,0.0,30.4299,0.0,0.0,0.0,21.2711,27.0287,43.6278
Corvette,Chevrolet,2023,ICE,8.0,6.2,Automatic (S8),45293,3937.5,19.0,0.0,0.0,24.0,0.0,0.0,0.0,15.6411,19.1153,34.4882
Elantra,Hyundai,2023,ICE,4.0,2.0,Automatic (AV-S1),45294,3339.7988505747126,34.0,0.0,0.0,39.723,0.0,0.0,0.0,30.2833,38.3118,59.2671
Elantra,Hyundai,2023,ICE,4.0,1.6,Automatic (AM-S7),45296,3339.7988505747126,31.0,0.0,0.0,35.5409,0.0,0.0,0.0,28.0454,35.6,51.9
Elantra Hybrid,Hyundai,2023,HEV,4.0,1.6,Automatic (AM-S6),45297,3339.7988505747126,50.0,0.0,0.0,52.0663,0.0,0.0,0.0,49.2526,68.3,67.4
Elantra Hybrid Blue,Hyundai,2023,HEV,4.0,1.6,Automatic (AM-S6),45298,3339.7988505747126,54.0,0.0,0.0,55.5898,0.0,0.0,0.0,52.7058,72.8,72.3
G80 AWD,Genesis,2023,ICE,4.0,2.5,Automatic (S8),45299,4666.666666666667,25.0,0.0,0.0,29.969,0.0,0.0,0.0,21.7782,27.736,42.7771
G80 RWD,Genesis,2023,ICE,4.0,2.5,Automatic (S8),45300,4666.666666666667,26.0,0.0,0.0,31.7999,0.0,0.0,0.0,22.4984,28.7462,46.0749
G80 AWD,Genesis,2023,ICE,6.0,3.5,Automatic (S8),45301,4666.666666666667,19.0,0.0,0.0,24.5411,0.0,0.0,0.0,16.3742,19.7212,31.3187
Soul,Kia,2023,ICE,4.0,2.0,Automatic (variable gear ratios),45302,3250.0,30.0,0.0,0.0,33.4537,0.0,0.0,0.0,27.5306,35.9919,48.4813
Soul Eco dynamics,Kia,2023,ICE,4.0,2.0,Automatic (variable gear ratios),45303,3250.0,31.0,0.0,0.0,35.1195,0.0,0.0,0.0,28.818,37.9,51.2
Carnival,Kia,2023,ICE,6.0,3.5,Automatic (S8),45304,4875.0,22.0,0.0,0.0,26.1648,0.0,0.0,0.0,19.4122,24.4628,36.9558
Encore GX FWD,Buick,2023,ICE,3.0,1.2,Automatic (variable gear ratios),45305,3437.5,30.0,0.0,0.0,30.8899,0.0,0.0,0.0,29.42,38.8,47.5
Encore GX FWD,Buick,2023,ICE,3.0,1.3,Automatic (variable gear ratios),45306,3437.5,30.0,0.0,0.0,31.7115,0.0,0.0,0.0,28.5494,37.5,47.0
Trailblazer FWD,Chevrolet,2023,ICE,3.0,1.2,Automatic (variable gear ratios),45307,3437.5,30.0,0.0,0.0,30.8899,0.0,0.0,0.0,29.42,38.8,47.5
Trailblazer FWD,Chevrolet,2023,ICE,3.0,1.3,Automatic (variable gear ratios),45308,3437.5,31.0,0.0,0.0,32.7903,0.0,0.0,0.0,29.1476,38.392,49.5138
Palisade FWD,Hyundai,2023,ICE,6.0,3.8,Automatic (S8),45309,4694.444444444444,22.0,0.0,0.0,26.5822,0.0,0.0,0.0,19.13,24.077,37.6
Encore GX AWD,Buick,2023,ICE,3.0,1.3,Automatic 9-spd,45310,3437.5,27.0,0.0,0.0,28.5501,0.0,0.0,0.0,26.2388,34.1,44.6
Trailblazer AWD,Chevrolet,2023,ICE,3.0,1.3,Automatic 9-spd,45311,3437.5,28.0,0.0,0.0,30.0,0.0,0.0,0.0,26.0,34.9,45.5
Palisade AWD,Hyundai,2023,ICE,6.0,3.8,Automatic (S8),45312,4694.444444444444,21.0,0.0,0.0,24.79,0.0,0.0,0.0,18.7015,23.493,34.8473
Vantage V8,Aston Martin,2023,ICE,8.0,4.0,Automatic 8-spd,45319,4000.0,20.0,0.0,0.0,24.4274,0.0,0.0,0.0,17.9972,22.5379,34.2945
DB11 V8,Aston Martin,2023,ICE,8.0,4.0,Automatic 8-spd,45320,4500.0,20.0,0.0,0.0,24.1217,0.0,0.0,0.0,18.1323,22.7207,33.8295
Kona FWD,Hyundai,2023,ICE,4.0,2.0,Automatic (AV-S1),45323,3677.777777777778,32.0,0.0,0.0,35.3644,0.0,0.0,0.0,29.510499999999997,38.9357,51.60240000000001
Kona AWD,Hyundai,2023,ICE,4.0,1.6,Automatic (AM-S7),45324,3677.777777777778,29.0,0.0,0.0,31.759200000000003,0.0,0.0,0.0,26.8545,34.9989,45.7486
Kona AWD,Hyundai,2023,ICE,4.0,2.0,Automatic (AV-S1),45325,3677.777777777778,30.0,0.0,0.0,32.7778,0.0,0.0,0.0,27.6776,36.2087,47.3873
iX M60 (21 inch wheels),BMW,2023,EV,,,Automatic (A1),45326,6000.0,77.0,0.0,43.5015,79.5799,0.0,296.1,288.0,75.8427,103.5,108.6
iX M60 (22 inch wheels),BMW,2023,EV,,,Automatic (A1),45327,6000.0,78.0,0.0,42.99,80.4592,0.0,281.1,274.0,76.7953,104.8,109.8
GV60 ADVANCE,Genesis,2023,EV,,,Automatic (A1),45328,5000.0,95.0,0.0,35.4988,86.45,0.0,223.9,248.0,103.25,147.5,123.5
GV60 PERFORMANCE,Genesis,2023,EV,,,Automatic (A1),45329,5000.0,90.0,0.0,36.8341,82.0,0.0,213.3,235.0,97.0,141.6,119.5
Cooper SE Hardtop 2 door,MINI,2023,EV,,,Automatic (A1),45330,3530.2083333333335,110.0,0.0,30.714,100.45,0.0,103.59999999999998,114.0,118.71999999999998,169.6,143.5
Huracan Coupe,Lamborghini,2023,ICE,10.0,5.2,Automatic (AM-S7),45333,4062.5,15.0,0.0,0.0,17.87,0.0,0.0,0.0,12.9656,16.014,23.714
Huracan Coupe 2WD,Lamborghini,2023,ICE,10.0,5.2,Automatic (AM-S7),45334,4062.5,15.0,0.0,0.0,17.9281,0.0,0.0,0.0,13.0465,16.0932,23.7934
Huracan Spyder,Lamborghini,2023,ICE,10.0,5.2,Automatic (AM-S7),45335,4062.5,15.0,0.0,0.0,17.87,0.0,0.0,0.0,12.9656,16.014,23.714
Huracan Spyder 2WD,Lamborghini,2023,ICE,10.0,5.2,Automatic (AM-S7),45336,4062.5,15.0,0.0,0.0,17.9281,0.0,0.0,0.0,13.0465,16.0932,23.7934
Integra,Acura,2023,ICE,4.0,1.5,Automatic (AV-S7),45337,3406.25,33.0,0.0,0.0,37.295,0.0,0.0,0.0,29.8194,39.4,54.8
Integra A-Spec,Acura,2023,ICE,4.0,1.5,Automatic (AV-S7),45338,3406.25,32.0,0.0,0.0,36.0827,0.0,0.0,0.0,29.0149,38.1938,52.7869
Integra A-Spec,Acura,2023,ICE,4.0,1.5,Manual 6-spd,45339,3406.25,30.0,0.0,0.0,36.4458,0.0,0.0,0.0,26.0,35.4924,53.388
Crosstrek AWD,Subaru,2023,ICE,4.0,2.0,Automatic (AV-S8),45340,3701.0582010582007,30.0,0.0,0.0,33.423,0.0,0.0,0.0,27.542600000000004,36.0096,48.4315
Crosstrek AWD,Subaru,2023,ICE,4.0,2.0,Manual 6-spd,45341,3701.0582010582007,25.0,0.0,0.0,28.9563,0.0,0.0,0.0,22.3944,28.600000000000005,41.3
Crosstrek AWD,Subaru,2023,ICE,4.0,2.5,Automatic (AV-S8),45342,3701.0582010582007,29.0,0.0,0.0,33.6677,0.0,0.0,0.0,26.5526,34.5575,48.8286
Camaro,Chevrolet,2023,ICE,6.0,3.6,Manual 6-spd,45343,4130.952380952381,20.0,0.0,0.0,26.1079,0.0,0.0,0.0,16.2971,20.2568,36.8682
Camaro,Chevrolet,2023,ICE,4.0,2.0,Manual 6-spd,45344,4130.952380952381,22.0,0.0,0.0,28.2434,0.0,0.0,0.0,18.5376,23.2702,40.1825
Camaro,Chevrolet,2023,ICE,4.0,2.0,Automatic (S8),45345,4130.952380952381,25.0,0.0,0.0,30.0,0.0,0.0,0.0,21.5376,27.4,43.8
Camaro,Chevrolet,2023,ICE,8.0,6.2,Manual 6-spd,45346,4130.952380952381,16.0,0.0,0.0,19.6398,0.0,0.0,0.0,13.7554,16.9092,27.1235
Camaro,Chevrolet,2023,ICE,8.0,6.2,Automatic (S10),45347,4130.952380952381,16.0,0.0,0.0,20.9721,0.0,0.0,0.0,12.8476,15.3054,27.0108
Forte,Kia,2023,ICE,4.0,1.6,Manual 6-spd,45349,3257.3529411764707,26.0,0.0,0.0,31.1035,0.0,0.0,0.0,22.323,28.4996,44.7
Forte,Kia,2023,ICE,4.0,1.6,Automatic (AM-S7),45350,3257.3529411764707,30.0,0.0,0.0,35.4891,0.0,0.0,0.0,27.0633,34.2,49.3
Forte FE,Kia,2023,ICE,4.0,2.0,Automatic (variable gear ratios),45351,3257.3529411764707,34.0,0.0,0.0,41.3127,0.0,0.0,0.0,30.1512,39.9,61.6
Forte,Kia,2023,ICE,4.0,2.0,Automatic (variable gear ratios),45352,3257.3529411764707,32.0,0.0,0.0,38.9491,0.0,0.0,0.0,28.3675,37.2297,57.5754
Ghibli Trofeo,Maserati,2023,ICE,8.0,3.8,Automatic 8-spd,45353,4916.666666666667,16.0,0.0,0.0,19.7979,0.0,0.0,0.0,13.4906,16.5647,27.3566
Ghibli GT,Maserati,2023,ICE,6.0,3.0,Automatic 8-spd,45354,4916.666666666667,20.0,0.0,0.0,24.9859,0.0,0.0,0.0,17.5439,21.9264,35.1464
Ghibli Modena RWD,Maserati,2023,ICE,6.0,3.0,Automatic 8-spd,45355,4916.666666666667,20.0,0.0,0.0,24.9859,0.0,0.0,0.0,17.5439,21.9264,35.1464
K5,Kia,2023,ICE,4.0,1.6,Automatic (S8),45356,3781.25,31.0,0.0,0.0,37.0396,0.0,0.0,0.0,26.7305,34.8175,54.3744
K5 AWD,Kia,2023,ICE,4.0,1.6,Automatic (S8),45357,3781.25,28.0,0.0,0.0,33.2803,0.0,0.0,0.0,25.2729,32.7,48.2
K5,Kia,2023,ICE,4.0,2.5,Automatic (AM-S8),45358,3781.25,27.0,0.0,0.0,32.1794,0.0,0.0,0.0,23.7569,29.6835,46.0738
Quattroporte Trofeo,Maserati,2023,ICE,8.0,3.8,Automatic 8-spd,45359,5000.0,16.0,0.0,0.0,19.7979,0.0,0.0,0.0,13.4906,16.5647,27.3566
Quattroporte Modena RWD,Maserati,2023,ICE,6.0,3.0,Automatic 8-spd,45360,5000.0,19.0,0.0,0.0,25.1847,0.0,0.0,0.0,16.2998,20.2604,33.7603
Quattroporte GT,Maserati,2023,ICE,6.0,3.0,Automatic 8-spd,45361,5000.0,19.0,0.0,0.0,25.1847,0.0,0.0,0.0,16.2998,20.2604,33.7603
HR-V AWD,Honda,2023,ICE,4.0,2.0,Automatic (variable gear ratios),45362,3562.5,27.0,0.0,0.0,30.1809,0.0,0.0,0.0,25.0341,32.3557,43.2328
HR-V FWD,Honda,2023,ICE,4.0,2.0,Automatic (variable gear ratios),45363,3562.5,28.0,0.0,0.0,31.7913,0.0,0.0,0.0,26.2388,34.1,45.8
XT5 Hearse FWD,Cadillac,2023,ICE,4.0,2.0,Automatic (S9),45364,4680.555555555556,21.0,0.0,0.0,22.6702,0.0,0.0,0.0,19.5853,24.7,34.2
XT5 Limo FWD,Cadillac,2023,ICE,4.0,2.0,Automatic (S9),45365,4680.555555555556,21.0,0.0,0.0,22.6702,0.0,0.0,0.0,19.5853,24.7,34.2
XT5 Hearse AWD,Cadillac,2023,ICE,4.0,2.0,Automatic (S9),45366,4680.555555555556,21.0,0.0,0.0,22.6702,0.0,0.0,0.0,19.5853,24.7,34.2
XT5 Limo AWD,Cadillac,2023,ICE,4.0,2.0,Automatic (S9),45367,4680.555555555556,21.0,0.0,0.0,22.6702,0.0,0.0,0.0,19.5853,24.7,34.2
Envision FWD,Buick,2023,ICE,4.0,2.0,Automatic (S9),45368,4125.0,26.0,0.0,0.0,30.7184,0.0,0.0,0.0,23.4751,30.1267,44.0865
XT4 FWD,Cadillac,2023,ICE,4.0,2.0,Automatic (S9),45369,4125.0,26.0,0.0,0.0,30.0,0.0,0.0,0.0,23.4751,30.1267,44.0865
XT5 FWD,Cadillac,2023,ICE,6.0,3.6,Automatic (S9),45370,4680.555555555556,21.0,0.0,0.0,25.7372,0.0,0.0,0.0,18.5604,23.3012,36.2978
XT6 FWD,Cadillac,2023,ICE,6.0,3.6,Automatic (S9),45371,4875.0,21.0,0.0,0.0,25.7372,0.0,0.0,0.0,18.5604,23.3012,36.2978
XT5 FWD,Cadillac,2023,ICE,4.0,2.0,Automatic (S9),45372,4680.555555555556,24.0,0.0,0.0,29.2741,0.0,0.0,0.0,22.0,29.0,41.8
XT6 FWD,Cadillac,2023,ICE,4.0,2.0,Automatic (S9),45373,4875.0,23.0,0.0,0.0,27.4208,0.0,0.0,0.0,21.2505,27.0,38.9
Blazer FWD,Chevrolet,2023,ICE,6.0,3.6,Automatic 9-spd,45374,4375.0,22.0,0.0,0.0,26.8407,0.0,0.0,0.0,19.1406,24.0915,38.0
Kona FWD,Hyundai,2023,ICE,4.0,1.6,Automatic (AM-S7),45375,3677.777777777778,32.0,0.0,0.0,34.6314,0.0,0.0,0.0,29.42,38.8,50.4
Envision AWD,Buick,2023,ICE,4.0,2.0,Automatic (S9),45376,4125.0,25.0,0.0,0.0,29.0,0.0,0.0,0.0,22.48,28.7203,42.2001
XT5 AWD,Cadillac,2023,ICE,6.0,3.6,Automatic (S9),45377,4680.555555555556,21.0,0.0,0.0,25.365,0.0,0.0,0.0,18.1842,22.7909,35.7267
XT6 AWD,Cadillac,2023,ICE,6.0,3.6,Automatic (S9),45378,4875.0,21.0,0.0,0.0,24.8246,0.0,0.0,0.0,17.9691,22.5,34.9
XT4 AWD,Cadillac,2023,ICE,4.0,2.0,Automatic (S9),45379,4125.0,24.0,0.0,0.0,29.0,0.0,0.0,0.0,22.48,28.7203,42.2001
XT5 AWD,Cadillac,2023,ICE,4.0,2.0,Automatic (S9),45380,4680.555555555556,23.0,0.0,0.0,27.0,0.0,0.0,0.0,21.0,27.6381,39.304
XT6 AWD,Cadillac,2023,ICE,4.0,2.0,Automatic (S9),45381,4875.0,23.0,0.0,0.0,26.0,0.0,0.0,0.0,21.0,27.6381,39.304
Blazer AWD,Chevrolet,2023,ICE,6.0,3.6,Automatic 9-spd,45382,4375.0,21.0,0.0,0.0,25.6735,0.0,0.0,0.0,18.7066,23.5,36.2
Traverse FWD,Chevrolet,2023,ICE,6.0,3.6,Automatic 9-spd,45384,4750.0,21.0,0.0,0.0,27.0988,0.0,0.0,0.0,18.117,22.7,38.4
Acadia FWD,GMC,2023,ICE,6.0,3.6,Automatic 9-spd,45385,4541.666666666666,22.0,0.0,0.0,26.8407,0.0,0.0,0.0,19.1406,24.0915,38.0
Traverse AWD,Chevrolet,2023,ICE,6.0,3.6,Automatic 9-spd,45388,4750.0,20.0,0.0,0.0,24.9515,0.0,0.0,0.0,17.0,21.9953,35.0939
Acadia AWD,GMC,2023,ICE,6.0,3.6,Automatic 9-spd,45389,4541.666666666666,21.0,0.0,0.0,25.6735,0.0,0.0,0.0,18.7066,23.5,36.2
Levante Modena,Maserati,2023,ICE,6.0,3.0,Automatic 8-spd,45391,5250.0,18.0,0.0,0.0,21.626,0.0,0.0,0.0,15.5613,19.28,30.07
Levante GT,Maserati,2023,ICE,6.0,3.0,Automatic 8-spd,45392,5250.0,18.0,0.0,0.0,21.626,0.0,0.0,0.0,15.5613,19.28,30.07
Levante Modena V8,Maserati,2023,ICE,8.0,3.8,Automatic 8-spd,45393,5250.0,16.0,0.0,0.0,19.5576,0.0,0.0,0.0,13.4955,16.57,26.36
Levante Trofeo,Maserati,2023,ICE,8.0,3.8,Automatic 8-spd,45394,5250.0,16.0,0.0,0.0,19.5576,0.0,0.0,0.0,13.4955,16.57,26.36
Z,Nissan,2023,ICE,6.0,3.0,Manual 6-spd,45399,3916.666666666667,20.0,0.0,0.0,24.134,0.0,0.0,0.0,18.1909,22.8,33.8482
Z,Nissan,2023,ICE,6.0,3.0,Automatic (S9),45400,3916.666666666667,22.0,0.0,0.0,28.0463,0.0,0.0,0.0,19.0,25.1237,39.8745
A3,Audi,2023,HEV,4.0,2.0,Automatic (AM-S7),45401,3687.5,32.0,0.0,0.0,37.8418,0.0,0.0,0.0,28.4953,36.9,53.4
A3 quattro,Audi,2023,HEV,4.0,2.0,Automatic (AM-S7),45402,3687.5,30.0,0.0,0.0,34.694,0.0,0.0,0.0,26.9361,33.8,49.2
Camaro,Chevrolet,2023,ICE,6.0,3.6,Automatic (S10),45403,4130.952380952381,22.0,0.0,0.0,28.7561,0.0,0.0,0.0,18.3273,22.9849,40.9857
Legacy AWD,Subaru,2023,ICE,4.0,2.5,Automatic (AV-S8),45404,3937.5,30.0,0.0,0.0,35.113,0.0,0.0,0.0,26.8517,34.9948,51.1893
Legacy AWD,Subaru,2023,ICE,4.0,2.4,Automatic (AV-S8),45405,3937.5,26.0,0.0,0.0,31.208,0.0,0.0,0.0,23.1504,29.6664,44.8668
Blazer FWD,Chevrolet,2023,ICE,4.0,2.0,Automatic 9-spd,45406,4375.0,25.0,0.0,0.0,29.3214,0.0,0.0,0.0,22.0,29.1772,41.8745
Blazer AWD,Chevrolet,2023,ICE,4.0,2.0,Automatic 9-spd,45407,4375.0,24.0,0.0,0.0,27.0,0.0,0.0,0.0,22.1096,28.2,40.0
Outback AWD,Subaru,2023,ICE,4.0,2.5,Automatic (AV-S8),45408,4166.666666666667,28.0,0.0,0.0,32.0676,0.0,0.0,0.0,25.6471,33.2409,46.2435
Outback AWD,Subaru,2023,ICE,4.0,2.4,Automatic (AV-S8),45409,4166.666666666667,25.0,0.0,0.0,29.0199,0.0,0.0,0.0,22.1096,28.2,41.4
Outback Wilderness AWD,Subaru,2023,ICE,4.0,2.4,Automatic (AV-S8),45410,4166.666666666667,23.0,0.0,0.0,26.2583,0.0,0.0,0.0,21.3942,27.2,37.1
Acadia FWD,GMC,2023,ICE,4.0,2.0,Automatic 9-spd,45411,4541.666666666666,25.0,0.0,0.0,29.3214,0.0,0.0,0.0,22.0,29.1772,41.8745
Acadia AWD,GMC,2023,ICE,4.0,2.0,Automatic 9-spd,45412,4541.666666666666,24.0,0.0,0.0,27.0,0.0,0.0,0.0,22.1096,28.2,40.0
Ghibli Modena AWD,Maserati,2023,ICE,6.0,3.0,Automatic 8-spd,45417,4916.666666666667,20.0,0.0,0.0,24.739,0.0,0.0,0.0,16.7388,20.8462,32.3086
Sonata,Hyundai,2023,ICE,4.0,1.6,Automatic (S8),45418,3678.819444444445,31.0,0.0,0.0,36.6221,0.0,0.0,0.0,26.8394,34.9769,53.6804
Sonata,Hyundai,2023,ICE,4.0,2.5,Automatic (S8),45419,3678.819444444445,31.0,0.0,0.0,36.8145,0.0,0.0,0.0,26.8552,35.0,54.0
Quattroporte Modena AWD,Maserati,2023,ICE,6.0,3.0,Automatic 8-spd,45421,5000.0,20.0,0.0,0.0,24.739,0.0,0.0,0.0,16.7388,20.8462,32.3086
Taos 4motion,Volkswagen,2023,ICE,4.0,1.5,Automatic (AM-S7),45422,3625.0,28.0,0.0,0.0,31.7913,0.0,0.0,0.0,24.8563,32.1,45.8
Vantage V12,Aston Martin,2023,ICE,12.0,5.2,Automatic 8-spd,45423,4000.0,16.0,0.0,0.0,21.7772,0.0,0.0,0.0,13.648,16.7694,30.2959
DBS,Aston Martin,2023,ICE,12.0,5.2,Automatic 8-spd,45424,4500.0,17.0,0.0,0.0,22.0071,0.0,0.0,0.0,14.3728,17.7156,30.6398
DB11 V12,Aston Martin,2023,ICE,12.0,5.2,Automatic 8-spd,45425,4500.0,17.0,0.0,0.0,22.0071,0.0,0.0,0.0,14.3728,17.7156,30.6398
S3,Audi,2023,ICE,4.0,2.0,Automatic (AM-S7),45428,3875.0,26.0,0.0,0.0,32.2208,0.0,0.0,0.0,23.0354,29.1,44.1
Giulia,Alfa Romeo,2023,ICE,4.0,2.0,Automatic 8-spd,45430,4000.0,27.0,0.0,0.0,32.63,0.0,0.0,0.0,23.5969,30.2997,47.1487
Giulia,Alfa Romeo,2023,ICE,6.0,2.9,Automatic 8-spd,45431,4000.0,20.0,0.0,0.0,25.4128,0.0,0.0,0.0,17.45,21.8,35.8
Giulia AWD,Alfa Romeo,2023,ICE,4.0,2.0,Automatic 8-spd,45432,4000.0,26.0,0.0,0.0,30.6012,0.0,0.0,0.0,22.5005,28.7492,43.9
XF P250,Jaguar,2023,ICE,4.0,2.0,Automatic (S8),45433,4250.0,28.0,0.0,0.0,33.1568,0.0,0.0,0.0,24.9259,32.2,48.0
XF P250 AWD,Jaguar,2023,ICE,4.0,2.0,Automatic (S8),45434,4250.0,26.0,0.0,0.0,32.0405,0.0,0.0,0.0,23.1035,29.6,46.2
XF P300 AWD,Jaguar,2023,ICE,4.0,2.0,Automatic (S8),45435,4250.0,25.0,0.0,0.0,30.4753,0.0,0.0,0.0,22.1096,28.2,43.7
Impreza 4-Door,Subaru,2023,ICE,4.0,2.0,Manual 5-spd,45436,3473.684210526316,26.0,0.0,0.0,31.2288,0.0,0.0,0.0,23.2447,29.8,44.9
Impreza 4-Door,Subaru,2023,ICE,4.0,2.0,Automatic (AV-S7),45437,3473.684210526316,32.0,0.0,0.0,36.3927,0.0,0.0,0.0,28.4813,37.3987,53.3
Impreza Sport 4-Door,Subaru,2023,ICE,4.0,2.0,Automatic (AV-S7),45438,3473.684210526316,30.0,0.0,0.0,35.7879,0.0,0.0,0.0,27.1281,35.4,52.3
Sonata,Hyundai,2023,ICE,4.0,2.5,Automatic (AM-S8),45439,3678.819444444445,27.0,0.0,0.0,32.5707,0.0,0.0,0.0,23.3028,28.9354,44.6338
Impreza 5-Door,Subaru,2023,ICE,4.0,2.0,Manual 5-spd,45440,3473.684210526316,26.0,0.0,0.0,30.9153,0.0,0.0,0.0,23.5971,30.3,44.4
Impreza 5-Door,Subaru,2023,ICE,4.0,2.0,Automatic (AV-S7),45441,3473.684210526316,31.0,0.0,0.0,35.8843,0.0,0.0,0.0,28.0225,36.7183,52.4592
Impreza Sport 5-Door,Subaru,2023,ICE,4.0,2.0,Manual 5-spd,45442,3473.684210526316,25.0,0.0,0.0,29.9708,0.0,0.0,0.0,22.3944,28.6,42.9
Impreza Sport 5-Door,Subaru,2023,ICE,4.0,2.0,Automatic (AV-S7),45443,3473.684210526316,30.0,0.0,0.0,35.0586,0.0,0.0,0.0,27.1962,35.5,51.1
MDX FWD,Acura,2023,ICE,6.0,3.5,Automatic (S10),45444,4750.0,22.0,0.0,0.0,26.3231,0.0,0.0,0.0,19.0,25.0,37.2
Stelvio,Alfa Romeo,2023,ICE,4.0,2.0,Automatic 8-spd,45445,4333.333333333334,25.0,0.0,0.0,29.1922,0.0,0.0,0.0,22.0,29.2431,41.671
MDX AWD,Acura,2023,ICE,6.0,3.5,Automatic (S10),45446,4750.0,21.0,0.0,0.0,25.0,0.0,0.0,0.0,18.6331,23.399999999999995,36.0
Stelvio AWD,Alfa Romeo,2023,ICE,4.0,2.0,Automatic 8-spd,45447,4333.333333333334,24.0,0.0,0.0,28.4782,0.0,0.0,0.0,21.8596,27.8499,40.5499
Stelvio AWD,Alfa Romeo,2023,ICE,6.0,2.9,Automatic 8-spd,45448,4333.333333333334,19.0,0.0,0.0,22.7798,0.0,0.0,0.0,16.9285,21.1,31.8
QX55 AWD,Infiniti,2023,ICE,4.0,2.0,Automatic (AV-S8),45449,4375.0,25.0,0.0,0.0,28.0,0.0,0.0,0.0,22.0,29.3302,40.6771
F-Pace,Jaguar,2023,ICE,4.0,2.0,Automatic (S8),45450,4875.0,24.0,0.0,0.0,26.6469,0.0,0.0,0.0,21.8954,27.883,37.7232
F-Pace P340 MHEV,Jaguar,2023,HEV,6.0,3.0,Automatic (S8),45451,4875.0,22.0,0.0,0.0,26.5822,0.0,0.0,0.0,19.6583,24.7501,37.5523
F-Pace P400 MHEV,Jaguar,2023,HEV,6.0,3.0,Automatic (S8),45452,4875.0,22.0,0.0,0.0,25.7386,0.0,0.0,0.0,19.3663,24.4,36.6
MDX AWD Type-S,Acura,2023,ICE,6.0,3.0,Automatic (S10),45456,4750.0,19.0,0.0,0.0,21.4883,0.0,0.0,0.0,17.0,22.7,32.1
TT Roadster,Audi,2023,ICE,4.0,2.0,Automatic (AM-S7),45463,3625.0,25.0,0.0,0.0,30.0171,0.0,0.0,0.0,22.6019,28.3551,41.888
Portofino M,Ferrari,2023,ICE,8.0,3.9,Automatic (AM8),45469,4250.0,19.0,0.0,0.0,22.8747,0.0,0.0,0.0,16.3243,20.293,31.9429
S5 Coupe,Audi,2023,ICE,6.0,3.0,Automatic (S8),45470,4333.333333333333,24.0,0.0,0.0,29.5692,0.0,0.0,0.0,21.2588,26.6609,39.7856
S5 Cabriolet,Audi,2023,ICE,6.0,3.0,Automatic (S8),45471,4333.333333333333,23.0,0.0,0.0,27.992499999999996,0.0,0.0,0.0,20.7723,25.600000000000005,37.7
RS 5 Coupe,Audi,2023,ICE,6.0,2.9,Automatic (S8),45472,5750.0,21.0,0.0,0.0,25.5051,0.0,0.0,0.0,17.7901,22.0469,35.5447
TT Coupe,Audi,2023,ICE,4.0,2.0,Automatic (AM-S7),45473,3625.0,25.0,0.0,0.0,30.0171,0.0,0.0,0.0,22.6019,28.3551,41.888
Roma,Ferrari,2023,ICE,8.0,3.9,Automatic (AM8),45489,4000.0,19.0,0.0,0.0,22.197,0.0,0.0,0.0,16.5726,20.6242,30.9245
S4,Audi,2023,ICE,6.0,3.0,Automatic (S8),45490,4250.0,24.0,0.0,0.0,29.5692,0.0,0.0,0.0,21.2588,26.6609,39.7856
CT4,Cadillac,2023,ICE,4.0,2.0,Automatic (S8),45499,4004.6875,27.0,0.0,0.0,33.7669,0.0,0.0,0.0,22.962,29.4,48.99
CT4 AWD,Cadillac,2023,ICE,4.0,2.0,Automatic (S8),45500,4004.6875,26.0,0.0,0.0,30.9153,0.0,0.0,0.0,22.3233,28.5,44.4
CT4,Cadillac,2023,ICE,4.0,2.7,Automatic (S10),45501,4004.6875,25.0,0.0,0.0,30.7898,0.0,0.0,0.0,21.3942,27.2,44.2
CT4 V,Cadillac,2023,ICE,4.0,2.7,Automatic (S10),45502,4004.6875,23.0,0.0,0.0,28.7015,0.0,0.0,0.0,19.7311,24.9,40.9
CT4 AWD,Cadillac,2023,ICE,4.0,2.7,Automatic (S10),45503,4004.6875,24.0,0.0,0.0,28.9563,0.0,0.0,0.0,20.8185,26.4,41.3
CT4 V AWD,Cadillac,2023,ICE,4.0,2.7,Automatic (S10),45504,4004.6875,23.0,0.0,0.0,28.0,0.0,0.0,0.0,20.0,26.0,40.6
CT4 V,Cadillac,2023,ICE,6.0,3.6,Automatic (S10),45505,4004.6875,19.0,0.0,0.0,24.1681,0.0,0.0,0.0,15.6519,19.4,33.9
CT4 V,Cadillac,2023,ICE,6.0,3.6,Manual 6-spd,45506,4004.6875,18.0,0.0,0.0,23.0223,0.0,0.0,0.0,15.4819,18.4,30.7
Mirage,Mitsubishi,2023,ICE,3.0,1.2,Manual 5-spd,45507,2458.333333333333,36.0,0.0,0.0,40.8484,0.0,0.0,0.0,33.419,44.9092,60.8039
Mirage,Mitsubishi,2023,ICE,3.0,1.2,Automatic (variable gear ratios),45508,2458.333333333333,39.0,0.0,0.0,43.3764,0.0,0.0,0.0,36.2431,49.3651,65.1714
Mirage G4,Mitsubishi,2023,ICE,3.0,1.2,Manual 5-spd,45509,2458.333333333333,35.0,0.0,0.0,40.0,0.0,0.0,0.0,33.1301,44.4601,60.402
Mirage G4,Mitsubishi,2023,ICE,3.0,1.2,Automatic (variable gear ratios),45510,2458.333333333333,37.0,0.0,0.0,41.3554,0.0,0.0,0.0,34.7856,47.0504,61.6732
Jetta,Volkswagen,2023,ICE,4.0,1.5,Manual 6-spd,45511,3312.5,34.0,0.0,0.0,42.0096,0.0,0.0,0.0,28.818,37.9,62.8
Jetta,Volkswagen,2023,ICE,4.0,1.5,Automatic (S8),45512,3312.5,35.0,0.0,0.0,41.4873,0.0,0.0,0.0,30.6798,40.7,61.9
Jetta Sport/SE/SEL,Volkswagen,2023,ICE,4.0,1.5,Automatic (S8),45513,3312.5,33.0,0.0,0.0,40.2606,0.0,0.0,0.0,29.0816,38.2935,59.8
S60 B5,Volvo,2023,HEV,4.0,2.0,Automatic (S8),45514,4333.333333333333,30.0,0.0,0.0,35.1195,0.0,0.0,0.0,26.1013,33.9,51.20000000000001
S60 B5 AWD,Volvo,2023,HEV,4.0,2.0,Automatic (S8),45515,4333.333333333333,28.0,0.0,0.0,33.0332,0.0,0.0,0.0,24.7171,31.899999999999995,47.79999999999999
S5 Sportback,Audi,2023,ICE,6.0,3.0,Automatic (S8),45516,4333.333333333333,24.0,0.0,0.0,29.5692,0.0,0.0,0.0,21.2588,26.6609,39.7856
RS 5 Sportback,Audi,2023,ICE,6.0,2.9,Automatic (S8),45517,5750.0,21.0,0.0,0.0,25.3233,0.0,0.0,0.0,17.7636,21.5497,34.7736
CT5 AWD,Cadillac,2023,ICE,4.0,2.0,Automatic (S10),45524,4333.333333333333,25.0,0.0,0.0,30.405600000000003,0.0,0.0,0.0,21.5635,27.4361,43.5892
CT5,Cadillac,2023,ICE,4.0,2.0,Automatic (S10),45525,4333.333333333333,27.0,0.0,0.0,33.095,0.0,0.0,0.0,22.8912,29.3,47.9
CT5,Cadillac,2023,ICE,6.0,3.0,Automatic (S10),45526,4333.333333333333,22.0,0.0,0.0,27.0344,0.0,0.0,0.0,19.0003,23.899999999999995,38.3
CT5 V,Cadillac,2023,ICE,6.0,3.0,Automatic (S10),45527,4333.333333333333,21.0,0.0,0.0,27.0344,0.0,0.0,0.0,18.0,23.899999999999995,38.3
CT5 AWD,Cadillac,2023,ICE,6.0,3.0,Automatic (S10),45528,4333.333333333333,21.0,0.0,0.0,25.9337,0.0,0.0,0.0,18.4859,23.2,36.6
CT5 V,Cadillac,2023,ICE,8.0,6.2,Manual 6-spd,45529,4333.333333333333,15.0,0.0,0.0,21.0982,0.0,0.0,0.0,12.802100000000001,15.300000000000002,26.3
S90 B6 AWD,Volvo,2023,HEV,4.0,2.0,Automatic (S8),45530,4750.0,26.0,0.0,0.0,31.5415,0.0,0.0,0.0,23.0328,29.5,45.4
Sonata Hybrid,Hyundai,2023,HEV,4.0,2.0,Automatic (AM-S6),45531,3678.819444444445,47.0,0.0,0.0,50.8517,0.0,0.0,0.0,44.6244,58.5,67.3
Sonata Hybrid Blue,Hyundai,2023,HEV,4.0,2.0,Automatic (AM-S6),45532,3678.819444444445,52.0,0.0,0.0,54.3055,0.0,0.0,0.0,50.0265,64.249,73.0889
X3 sDrive30i,BMW,2023,ICE,4.0,2.0,Automatic (S8),45535,4687.5,25.0,0.0,0.0,28.5889,0.0,0.0,0.0,22.5716,28.8492,40.7234
Kona N,Hyundai,2023,ICE,4.0,2.0,Automatic (AM-S8),45536,3677.777777777778,23.0,0.0,0.0,26.926599999999997,0.0,0.0,0.0,20.0067,24.115400000000005,35.8531
Sorento Hybrid FWD,Kia,2023,HEV,4.0,1.6,Automatic (AM-S6),45538,4420.833333333333,37.0,0.0,0.0,34.6889,0.0,0.0,0.0,39.239,54.0,49.8
XC60 B5,Volvo,2023,HEV,4.0,2.0,Automatic (S8),45539,4625.0,26.0,0.0,0.0,29.5912,0.0,0.0,0.0,23.2447,29.8,42.3
XC40 B4,Volvo,2023,HEV,4.0,2.0,Automatic (S8),45540,4416.666666666667,27.0,0.0,0.0,31.6665,0.0,0.0,0.0,23.6674,30.399999999999995,45.6
SQ5,Audi,2023,ICE,6.0,3.0,Automatic (S8),45541,4750.0,21.0,0.0,0.0,24.2996,0.0,0.0,0.0,18.7801,23.6,34.1
SQ5 Sportback,Audi,2023,ICE,6.0,3.0,Automatic (S8),45542,4750.0,21.0,0.0,0.0,24.2996,0.0,0.0,0.0,18.7801,23.6,34.1
Q3 S-Line,Audi,2023,ICE,4.0,2.0,Automatic (S8),45543,4250.0,24.0,0.0,0.0,27.9986,0.0,0.0,0.0,20.9627,26.6,39.8
X3 xDrive30i,BMW,2023,ICE,4.0,2.0,Automatic (S8),45544,4687.5,24.0,0.0,0.0,27.8627,0.0,0.0,0.0,21.3085,27.0807,39.5881
X3 M40i,BMW,2023,HEV,6.0,3.0,Automatic (S8),45545,4687.5,23.0,0.0,0.0,26.0813,0.0,0.0,0.0,21.499,27.3462,36.8272
X3 M,BMW,2023,ICE,6.0,3.0,Automatic (S8),45546,4687.5,17.0,0.0,0.0,20.153,0.0,0.0,0.0,14.9532,18.4775,27.8811
X3 M Competition,BMW,2023,ICE,6.0,3.0,Automatic (S8),45547,4687.5,17.0,0.0,0.0,20.153,0.0,0.0,0.0,14.9532,18.4775,27.8811
F-Pace SVR,Jaguar,2023,ICE,8.0,5.0,Automatic (S8),45554,4875.0,17.0,0.0,0.0,21.3781,0.0,0.0,0.0,15.1979,18.8472,29.7137
Sorento Hybrid AWD,Kia,2023,HEV,4.0,1.6,Automatic (AM-S6),45555,4420.833333333333,34.0,0.0,0.0,32.7787,0.0,0.0,0.0,35.5763,48.7,45.3
Grecale Trofeo,Maserati,2023,ICE,6.0,3.0,Automatic 8-spd,45556,4875.0,20.0,0.0,0.0,24.6536,0.0,0.0,0.0,17.7124,22.1534,34.5074
Grecale Modena,Maserati,2023,HEV,4.0,2.0,Automatic 8-spd,45557,4875.0,25.0,0.0,0.0,29.3909,0.0,0.0,0.0,22.2065,28.336,41.9841
Grecale GT,Maserati,2023,HEV,4.0,2.0,Automatic 8-spd,45558,4875.0,25.0,0.0,0.0,29.3909,0.0,0.0,0.0,22.2065,28.336,41.9841
XC60 B5 AWD,Volvo,2023,HEV,4.0,2.0,Automatic (S8),45559,4625.0,25.0,0.0,0.0,28.5101,0.0,0.0,0.0,22.6786,29.0,40.6
XC60 B6 AWD,Volvo,2023,HEV,4.0,2.0,Automatic (S8),45560,4625.0,23.0,0.0,0.0,26.9699,0.0,0.0,0.0,21.2505,27.0,38.2
XC40 B5 AWD,Volvo,2023,HEV,4.0,2.0,Automatic (S8),45561,4416.666666666667,26.0,0.0,0.0,29.844399999999997,0.0,0.0,0.0,22.962,29.399999999999995,42.70000000000001
X5 sDrive40i,BMW,2023,HEV,6.0,3.0,Automatic (S8),45562,5500.0,23.0,0.0,0.0,25.5284,0.0,0.0,0.0,21.1024,26.794,35.9773
Escalade 2WD,Cadillac,2023,ICE,6.0,3.0,Automatic 10-spd,45563,6750.0,23.0,0.0,0.0,26.9053,0.0,0.0,0.0,21.3942,27.2,38.1
Tahoe 2WD,Chevrolet,2023,ICE,6.0,3.0,Automatic 10-spd,45564,6000.0,24.0,0.0,0.0,27.5897,0.0,0.0,0.0,21.3942,27.2,39.1627
Suburban 2WD,Chevrolet,2023,ICE,6.0,3.0,Automatic 10-spd,45565,6500.0,23.0,0.0,0.0,26.9053,0.0,0.0,0.0,21.3942,27.2,38.1
Durango RWD,Dodge,2023,ICE,6.0,3.6,Automatic 8-spd,45566,5500.0,21.0,0.0,0.0,25.5432,0.0,0.0,0.0,18.8536,23.7,36.0
Yukon 2WD,GMC,2023,ICE,6.0,3.0,Automatic 10-spd,45567,6500.0,23.0,0.0,0.0,26.9053,0.0,0.0,0.0,21.3942,27.2,38.1
Yukon XL 2WD,GMC,2023,ICE,6.0,3.0,Automatic 10-spd,45568,6500.0,23.0,0.0,0.0,26.9053,0.0,0.0,0.0,21.3942,27.2,38.1
SQ7,Audi,2023,ICE,8.0,4.0,Automatic (S8),45570,5500.0,17.0,0.0,0.0,20.4043,0.0,0.0,0.0,14.3825,18.4612,28.5063
SQ8,Audi,2023,ICE,8.0,4.0,Automatic (S8),45571,5500.0,17.0,0.0,0.0,20.4043,0.0,0.0,0.0,14.3825,18.4612,28.5063
X5 xDrive40i,BMW,2023,HEV,6.0,3.0,Automatic (S8),45572,5500.0,23.0,0.0,0.0,25.3656,0.0,0.0,0.0,20.6925,26.2255,35.7276
X5 M50i,BMW,2023,ICE,8.0,4.4,Automatic (S8),45573,5500.0,18.0,0.0,0.0,21.6509,0.0,0.0,0.0,16.0447,19.921,30.1071
X5 M,BMW,2023,ICE,8.0,4.4,Automatic (S8),45574,5500.0,15.0,0.0,0.0,18.0892,0.0,0.0,0.0,13.1435,16.1143,24.851
X5 M Competition,BMW,2023,ICE,8.0,4.4,Automatic (S8),45575,5500.0,15.0,0.0,0.0,18.0892,0.0,0.0,0.0,13.1435,16.1143,24.851
X6 xDrive40i,BMW,2023,HEV,6.0,3.0,Automatic (S8),45576,5375.0,23.0,0.0,0.0,25.3656,0.0,0.0,0.0,20.6925,26.2255,35.7276
X6 M50i,BMW,2023,ICE,8.0,4.4,Automatic (S8),45577,5375.0,18.0,0.0,0.0,21.6509,0.0,0.0,0.0,16.0447,19.921,30.1071
X6 M,BMW,2023,ICE,8.0,4.4,Automatic (S8),45578,5375.0,15.0,0.0,0.0,18.0892,0.0,0.0,0.0,13.1435,16.1143,24.851
X6 M Competition,BMW,2023,ICE,8.0,4.4,Automatic (S8),45579,5375.0,15.0,0.0,0.0,18.0892,0.0,0.0,0.0,13.1435,16.1143,24.851
Escalade 4WD,Cadillac,2023,ICE,6.0,3.0,Automatic 10-spd,45580,6750.0,22.0,0.0,0.0,26.0,0.0,0.0,0.0,20.1673,25.5,38.8
Escalade V 4WD,Cadillac,2023,ICE,8.0,6.2,Automatic (S10),45581,6750.0,13.0,0.0,0.0,15.816,0.0,0.0,0.0,10.8722,13.2,22.5735
Tahoe 4WD,Chevrolet,2023,ICE,6.0,3.0,Automatic 10-spd,45582,6000.0,22.0,0.0,0.0,26.0,0.0,0.0,0.0,20.1673,25.5,38.8
Suburban 4WD,Chevrolet,2023,ICE,6.0,3.0,Automatic 10-spd,45583,6500.0,22.0,0.0,0.0,26.0,0.0,0.0,0.0,20.1673,25.5,38.8
Yukon XL 4WD,GMC,2023,ICE,6.0,3.0,Automatic 10-spd,45584,6500.0,22.0,0.0,0.0,26.0,0.0,0.0,0.0,20.1673,25.5,38.8
Yukon 4WD,GMC,2023,ICE,6.0,3.0,Automatic 10-spd,45585,6500.0,22.0,0.0,0.0,26.0,0.0,0.0,0.0,20.1673,25.5,38.8
XC90 B5 AWD,Volvo,2023,HEV,4.0,2.0,Automatic (S8),45589,5166.666666666667,25.0,0.0,0.0,28.1266,0.0,0.0,0.0,22.3233,28.5,40.0
XC90 B6 AWD,Volvo,2023,HEV,4.0,2.0,Automatic (S8),45590,5166.666666666667,22.0,0.0,0.0,25.9337,0.0,0.0,0.0,19.7308,24.899600000000003,36.6
UX 250h,Lexus,2023,HEV,4.0,2.0,Automatic (AV-S6),45605,3937.5,42.0,0.0,0.0,40.9422,0.0,0.0,0.0,43.0233,59.5,58.1496
UX 250h AWD,Lexus,2023,HEV,4.0,2.0,Automatic (AV-S6),45606,3937.5,39.0,0.0,0.0,38.0,0.0,0.0,0.0,41.2367,55.9496,54.8993
RS 7,Audi,2023,HEV,8.0,4.0,Automatic (S8),45607,5750.0,17.0,0.0,0.0,20.7594,0.0,0.0,0.0,14.2718,18.4237,28.9915
Venue,Hyundai,2023,ICE,4.0,1.6,Automatic (AV-S1),45608,3000.0,31.0,0.0,0.0,32.7368,0.0,0.0,0.0,29.3821,37.7482,49.5554
Q50,Infiniti,2023,ICE,6.0,3.0,Automatic (S7),45609,4187.5,23.0,0.0,0.0,29.274,0.0,0.0,0.0,20.0,26.0996,41.7998
Q50 AWD,Infiniti,2023,ICE,6.0,3.0,Automatic (S7),45610,4187.5,22.0,0.0,0.0,27.131,0.0,0.0,0.0,19.22,24.2,38.4499
Q50 Red Sport,Infiniti,2023,ICE,6.0,3.0,Automatic (S7),45611,4187.5,22.0,0.0,0.0,26.2255,0.0,0.0,0.0,19.585,24.6996,37.0494
Q50 Red Sport  AWD,Infiniti,2023,ICE,6.0,3.0,Automatic (S7),45612,4187.5,22.0,0.0,0.0,26.0308,0.0,0.0,0.0,19.0,24.645,36.7494
A8 L,Audi,2023,HEV,6.0,3.0,Automatic (S8),45613,5000.0,22.0,0.0,0.0,28.273,0.0,0.0,0.0,18.8536,23.7,39.8
RS 6 Avant,Audi,2023,HEV,8.0,4.0,Automatic (S8),45614,5750.0,17.0,0.0,0.0,20.7594,0.0,0.0,0.0,14.2718,18.4237,28.9915
X1 xDrive28i,BMW,2023,ICE,4.0,2.0,Automatic (AM-S7),45617,4000.0,28.0,0.0,0.0,33.6238,0.0,0.0,0.0,24.5902,31.7179,48.7574
Escalade 2WD,Cadillac,2023,ICE,8.0,6.2,Automatic 10-spd,45620,6750.0,16.0,0.0,0.0,19.3458,0.0,0.0,0.0,14.0,18.6331,28.9464
Tahoe 2WD,Chevrolet,2023,ICE,8.0,6.2,Automatic 10-spd,45621,6000.0,16.0,0.0,0.0,19.7142,0.0,0.0,0.0,14.0,19.0,29.5
Suburban 2WD,Chevrolet,2023,ICE,8.0,6.2,Automatic 10-spd,45622,6500.0,16.0,0.0,0.0,19.7142,0.0,0.0,0.0,14.0,19.0,29.5
Tahoe 2WD,Chevrolet,2023,ICE,8.0,5.3,Automatic 10-spd,45623,6000.0,17.0,0.0,0.0,20.0033,0.0,0.0,0.0,14.9069,19.4,29.6
Suburban 2WD,Chevrolet,2023,ICE,8.0,5.3,Automatic 10-spd,45624,6500.0,17.0,0.0,0.0,20.0033,0.0,0.0,0.0,14.9069,19.4,29.6
Yukon 2WD,GMC,2023,ICE,8.0,6.2,Automatic 10-spd,45625,6500.0,16.0,0.0,0.0,19.7142,0.0,0.0,0.0,14.0,19.0,29.5
Yukon XL 2WD,GMC,2023,ICE,8.0,6.2,Automatic 10-spd,45626,6500.0,16.0,0.0,0.0,18.5075,0.0,0.0,0.0,14.4373,17.8,27.687
Yukon 2WD,GMC,2023,ICE,8.0,5.3,Automatic 10-spd,45627,6500.0,17.0,0.0,0.0,20.0033,0.0,0.0,0.0,14.9069,19.4,29.6
Yukon XL 2WD,GMC,2023,ICE,8.0,5.3,Automatic 10-spd,45628,6500.0,17.0,0.0,0.0,20.0033,0.0,0.0,0.0,14.9069,19.4,29.6
Q7,Audi,2023,HEV,6.0,3.0,Automatic (S8),45629,5250.0,20.0,0.0,0.0,21.5764,0.0,0.0,0.0,18.1909,22.8,33.4
Q8,Audi,2023,HEV,6.0,3.0,Automatic (S8),45630,5500.0,20.0,0.0,0.0,22.5678,0.0,0.0,0.0,18.4122,23.1,33.5
X7 xDrive40i,BMW,2023,HEV,6.0,3.0,Automatic (S8),45631,5500.0,22.0,0.0,0.0,24.6849,0.0,0.0,0.0,20.7456,26.299,34.6868
X7 M60i xDrive,BMW,2023,HEV,8.0,4.4,Automatic (S8),45632,5500.0,18.0,0.0,0.0,21.1772,0.0,0.0,0.0,16.4342,20.4395,29.4007
Escalade 4WD,Cadillac,2023,ICE,8.0,6.2,Automatic 10-spd,45633,6750.0,16.0,0.0,0.0,18.0933,0.0,0.0,0.0,14.2062,17.4975,26.9024
Tahoe 4WD,Chevrolet,2023,ICE,8.0,6.2,Automatic 10-spd,45634,6000.0,16.0,0.0,0.0,18.0933,0.0,0.0,0.0,14.2062,17.4975,26.9024
Suburban 4WD,Chevrolet,2023,ICE,8.0,6.2,Automatic 10-spd,45635,6500.0,16.0,0.0,0.0,18.0933,0.0,0.0,0.0,14.2062,17.4975,26.9024
Suburban 4WD,Chevrolet,2023,ICE,8.0,5.3,Automatic 10-spd,45636,6500.0,16.0,0.0,0.0,18.6011,0.0,0.0,0.0,14.6846,19.0324,28.3563
Yukon 4WD,GMC,2023,ICE,8.0,5.3,Automatic 10-spd,45637,6500.0,17.0,0.0,0.0,20.0033,0.0,0.0,0.0,14.9069,19.4,29.6
Yukon XL 4WD,GMC,2023,ICE,8.0,6.2,Automatic 10-spd,45638,6500.0,16.0,0.0,0.0,18.0933,0.0,0.0,0.0,14.2062,17.4975,26.9024
Yukon 4WD,GMC,2023,ICE,8.0,6.2,Automatic 10-spd,45639,6500.0,16.0,0.0,0.0,18.0933,0.0,0.0,0.0,14.2062,17.4975,26.9024
Yukon XL 4WD,GMC,2023,ICE,8.0,5.3,Automatic 10-spd,45640,6500.0,16.0,0.0,0.0,18.6011,0.0,0.0,0.0,14.6846,19.0324,28.3563
Defender 130 P300 MHEV,Land Rover,2023,HEV,6.0,3.0,Automatic (S8),45641,5675.0,19.0,0.0,0.0,21.4451,0.0,0.0,0.0,16.779,20.9053,29.7777
Defender 130 P400 MHEV,Land Rover,2023,HEV,6.0,3.0,Automatic (S8),45642,5675.0,19.0,0.0,0.0,21.4451,0.0,0.0,0.0,16.779,20.9053,29.7777
A4 S-Line quattro,Audi,2023,HEV,4.0,2.0,Automatic (AM-S7),45650,4123.188405797101,27.0,0.0,0.0,31.647499999999997,0.0,0.0,0.0,24.3458,31.2409,45.2772
A4 quattro,Audi,2023,HEV,4.0,2.0,Automatic (AM-S7),45651,4123.188405797101,28.0,0.0,0.0,33.3255,0.0,0.0,0.0,24.0643,30.9654,48.2734
Rio,Kia,2023,ICE,4.0,1.6,Automatic (AV-S1),45652,2937.5,36.0,0.0,0.0,40.6575,0.0,0.0,0.0,32.4918,43.4723,60.4774
GLI,Volkswagen,2023,ICE,4.0,2.0,Manual 6-spd,45653,3625.0,30.0,0.0,0.0,36.7874,0.0,0.0,0.0,25.732,31.1,49.0
GLI,Volkswagen,2023,ICE,4.0,2.0,Automatic (AM-S7),45654,3625.0,30.0,0.0,0.0,36.0773,0.0,0.0,0.0,26.2146,33.3,51.0
A6 quattro,Audi,2023,HEV,4.0,2.0,Automatic (AM-S7),45655,4500.0,27.0,0.0,0.0,31.4325,0.0,0.0,0.0,23.5676,30.0,45.2
A6 quattro,Audi,2023,HEV,6.0,3.0,Automatic (AM-S7),45657,4500.0,24.0,0.0,0.0,29.9694,0.0,0.0,0.0,21.2492,27.0,42.0
S7,Audi,2023,HEV,6.0,2.9,Automatic (S8),45661,5000.0,22.0,0.0,0.0,26.1286,0.0,0.0,0.0,19.0736,24.0,36.9
CT5 V,Cadillac,2023,ICE,8.0,6.2,Automatic (S10),45662,4333.333333333333,16.0,0.0,0.0,21.3321,0.0,0.0,0.0,13.1126,15.699999999999998,28.600000000000005
Arteon,Volkswagen,2023,ICE,4.0,2.0,Automatic (AM7),45670,4125.0,28.0,0.0,0.0,33.3638,0.0,0.0,0.0,24.5278,30.6,46.9
Arteon 4motion,Volkswagen,2023,ICE,4.0,2.0,Automatic (AM7),45671,4125.0,25.0,0.0,0.0,30.506,0.0,0.0,0.0,22.4551,28.4,43.2
A4 allroad quattro,Audi,2023,HEV,4.0,2.0,Automatic (AM-S7),45672,4123.188405797101,26.0,0.0,0.0,29.654,0.0,0.0,0.0,23.244700000000005,29.8,42.3991
Niro,Kia,2023,HEV,4.0,1.6,Automatic (AM-S6),45673,3706.439393939394,49.0,0.0,0.0,45.24519999999999,0.0,0.0,0.0,52.5532,68.2,62.5
Niro FE,Kia,2023,HEV,4.0,1.6,Automatic (AM-S6),45674,3706.439393939394,53.0,0.0,0.0,53.6295,0.0,0.0,0.0,52.686299999999996,70.4,66.7
A6 Allroad,Audi,2023,HEV,6.0,3.0,Automatic (AM-S7),45675,4500.0,24.0,0.0,0.0,29.9694,0.0,0.0,0.0,21.2492,27.0,42.0
Atlas,Volkswagen,2023,ICE,4.0,2.0,Automatic (S8),45678,4700.0,23.0,0.0,0.0,25.2214,0.0,0.0,0.0,21.4659,27.3,38.0
Atlas Cross Sport,Volkswagen,2023,ICE,4.0,2.0,Automatic (S8),45679,4700.0,23.0,0.0,0.0,24.5862,0.0,0.0,0.0,21.4659,27.3,36.9
Atlas,Volkswagen,2023,ICE,6.0,3.6,Automatic (S8),45680,4700.0,20.0,0.0,0.0,24.1023,0.0,0.0,0.0,18.4122,23.1,33.8
Atlas Cross Sport,Volkswagen,2023,ICE,6.0,3.6,Automatic (S8),45681,4700.0,20.0,0.0,0.0,23.8388,0.0,0.0,0.0,18.3385,23.0,33.4
Taos,Volkswagen,2023,ICE,4.0,1.5,Automatic (S8),45682,3625.0,31.0,0.0,0.0,35.8485,0.0,0.0,0.0,28.0777,36.8,52.4
Q5 quattro,Audi,2023,HEV,4.0,2.0,Automatic (AM-S7),45683,4666.666666666667,25.0,0.0,0.0,28.574,0.0,0.0,0.0,23.172,29.697,40.7
Q5 S-Line quattro,Audi,2023,HEV,4.0,2.0,Automatic (AM-S7),45684,4666.666666666667,25.0,0.0,0.0,28.5808,0.0,0.0,0.0,22.1292,28.414,39.0555
Q5 Sportback S-line quattro,Audi,2023,HEV,4.0,2.0,Automatic (AM-S7),45685,4666.666666666667,25.0,0.0,0.0,28.5808,0.0,0.0,0.0,22.1292,28.414,39.0555
Tucson Hybrid,Hyundai,2023,HEV,4.0,1.6,Automatic (AM-S6),45686,4105.555555555556,37.0,0.0,0.0,35.7681,0.0,0.0,0.0,37.3332,50.70000000000001,48.0
Tucson Hybrid Blue,Hyundai,2023,HEV,4.0,1.6,Automatic (AM-S6),45687,4105.555555555556,38.0,0.0,0.0,37.9043,0.0,0.0,0.0,37.5943,49.6,50.9
Tucson AWD,Hyundai,2023,ICE,4.0,2.5,Automatic (S8),45688,4105.555555555556,25.0,0.0,0.0,28.4496,0.0,0.0,0.0,23.202299999999997,29.739899999999995,40.5051
Wrangler 4dr EcoDiesel 4WD,Jeep,2023,ICE,6.0,3.0,Automatic 8-spd,45689,4850.0,25.0,0.0,0.0,28.892600000000005,0.0,0.0,0.0,22.1093,28.199599999999997,41.2
Wrangler Rubic 4dr EcoDiesel 4WD,Jeep,2023,ICE,6.0,3.0,Automatic 8-spd,45690,4850.0,23.0,0.0,0.0,26.0,0.0,0.0,0.0,21.0,28.199599999999997,41.2
Wrangler 2dr 4WD,Jeep,2023,ICE,4.0,2.0,Automatic 8-spd,45691,4850.0,23.0,0.0,0.0,24.0029,0.0,0.0,0.0,21.9296,27.9478,37.4997
Wrangler 2dr 4WD,Jeep,2023,HEV,6.0,3.6,Automatic 8-spd,45692,4850.0,21.0,0.0,0.0,24.1023,0.0,0.0,0.0,19.5853,24.7,33.8
Wrangler 2dr 4WD,Jeep,2023,ICE,6.0,3.6,Manual 6-spd,45693,4850.0,20.0,0.0,0.0,24.5615,0.0,0.0,0.0,17.2268,21.5,34.4988
Wrangler 4dr 4WD,Jeep,2023,ICE,4.0,2.0,Automatic 8-spd,45694,4850.0,22.0,0.0,0.0,23.6939,0.0,0.0,0.0,21.0,27.7,37.6
Wrangler 4dr 4WD,Jeep,2023,HEV,6.0,3.6,Automatic 8-spd,45695,4850.0,21.0,0.0,0.0,23.7068,0.0,0.0,0.0,19.1468,24.1,33.2
Wrangler 4dr 4WD,Jeep,2023,ICE,6.0,3.6,Manual 6-spd,45696,4850.0,19.0,0.0,0.0,23.244,0.0,0.0,0.0,17.0031,21.2,32.5
Wrangler 4dr 4WD,Jeep,2023,ICE,8.0,6.4,Automatic 8-spd,45697,4850.0,14.0,0.0,0.0,16.6758,0.0,0.0,0.0,12.7459,15.6,22.8
Atlas 4motion,Volkswagen,2023,ICE,4.0,2.0,Automatic (S8),45699,4700.0,22.0,0.0,0.0,24.0,0.0,0.0,0.0,20.0,26.0,36.3
Atlas 4motion,Volkswagen,2023,ICE,6.0,3.6,Automatic (S8),45700,4700.0,20.0,0.0,0.0,23.3764,0.0,0.0,0.0,17.5986,22.0,32.7
Atlas Cross Sport 4motion,Volkswagen,2023,ICE,6.0,3.6,Automatic (S8),45701,4700.0,20.0,0.0,0.0,23.5087,0.0,0.0,0.0,17.8951,22.4,32.9
Atlas Cross Sport 4motion,Volkswagen,2023,ICE,4.0,2.0,Automatic (S8),45702,4700.0,22.0,0.0,0.0,23.9871,0.0,0.0,0.0,19.8767,25.1,34.7
Tiguan 4motion,Volkswagen,2023,ICE,4.0,2.0,Automatic (S8),45703,4250.0,25.0,0.0,0.0,29.401,0.0,0.0,0.0,22.1809,28.3,42.0
Tiguan R-Line 4motion,Volkswagen,2023,ICE,4.0,2.0,Automatic (S8),45704,4250.0,24.0,0.0,0.0,28.3824,0.0,0.0,0.0,21.4659,27.3,40.4
Q7,Audi,2023,ICE,4.0,2.0,Automatic (S8),45706,5250.0,21.0,0.0,0.0,24.8246,0.0,0.0,0.0,19.22,24.2,34.9
Cayenne,Porsche,2023,ICE,6.0,3.0,Automatic (S8),45707,5468.75,19.0,0.0,0.0,22.0,0.0,0.0,0.0,17.0,22.0,31.5
Cayenne S,Porsche,2023,ICE,6.0,2.9,Automatic (S8),45708,5468.75,18.0,0.0,0.0,22.1807,0.0,0.0,0.0,16.0,20.9,30.9
Cayenne S Coupe,Porsche,2023,ICE,6.0,2.9,Automatic (S8),45709,5468.75,18.0,0.0,0.0,21.0424,0.0,0.0,0.0,16.3295,20.3,29.2
Cayenne Turbo,Porsche,2023,ICE,8.0,4.0,Automatic (S8),45710,5468.75,16.0,0.0,0.0,19.0,0.0,0.0,0.0,14.0,18.3,27.1
Cayenne Turbo GT,Porsche,2023,ICE,8.0,4.0,Automatic (S8),45711,5468.75,16.0,0.0,0.0,19.0,0.0,0.0,0.0,14.0,18.0,27.3
Cayenne Turbo Coupe,Porsche,2023,ICE,8.0,4.0,Automatic (S8),45712,5468.75,17.0,0.0,0.0,19.6238,0.0,0.0,0.0,14.8182,18.3,27.1
Cayenne GTS,Porsche,2023,ICE,8.0,4.0,Automatic (S8),45713,5468.75,17.0,0.0,0.0,19.1479,0.0,0.0,0.0,14.8943,18.4,26.4
Cayenne GTS Coupe,Porsche,2023,ICE,8.0,4.0,Automatic (S8),45714,5468.75,17.0,0.0,0.0,19.0,0.0,0.0,0.0,15.4251,19.1,27.8
Camry,Toyota,2023,ICE,6.0,3.5,Automatic (S8),45719,3785.714285714286,26.0,0.0,0.0,33.0332,0.0,0.0,0.0,22.3944,28.6,47.8
Camry TRD,Toyota,2023,ICE,6.0,3.5,Automatic (S8),45720,3785.714285714286,25.0,0.0,0.0,30.9781,0.0,0.0,0.0,21.7524,27.7,44.5
Camry XSE,Toyota,2023,ICE,6.0,3.5,Automatic (S8),45721,3785.714285714286,26.0,0.0,0.0,31.978199999999998,0.0,0.0,0.0,22.0524,28.1199,46.1
Camry AWD LE/SE,Toyota,2023,ICE,4.0,2.5,Automatic (S8),45722,3785.714285714286,29.0,0.0,0.0,34.0,0.0,0.0,0.0,25.085200000000004,32.4294,50.1974
Camry AWD XLE/XSE,Toyota,2023,ICE,4.0,2.5,Automatic (S8),45723,3785.714285714286,28.0,0.0,0.0,34.4479,0.0,0.0,0.0,24.9954,32.3,50.1
Camry LE/SE,Toyota,2023,ICE,4.0,2.5,Automatic (S8),45724,3785.714285714286,32.0,0.0,0.0,38.5726,0.0,0.0,0.0,27.7263,36.2805,56.9408
Camry XLE/XSE,Toyota,2023,ICE,4.0,2.5,Automatic (S8),45725,3785.714285714286,31.0,0.0,0.0,38.0,0.0,0.0,0.0,27.0,36.2805,56.9408
Camry Hybrid LE,Toyota,2023,HEV,4.0,2.5,Automatic (AV-S6),45726,3785.714285714286,52.0,0.0,0.0,52.7026,0.0,0.0,0.0,50.9831,71.6744,71.8871
Camry Hybrid SE/XLE/XSE,Toyota,2023,HEV,4.0,2.5,Automatic (AV-S6),45727,3785.714285714286,46.0,0.0,0.0,47.0,0.0,0.0,0.0,44.1939,61.7,64.5
Panamera,Porsche,2023,ICE,6.0,2.9,Automatic (AM-S8),45728,5147.727272727273,20.0,0.0,0.0,24.0,0.0,0.0,0.0,18.0,23.8,35.2
Panamera 4S,Porsche,2023,ICE,6.0,2.9,Automatic (AM-S8),45729,5147.727272727273,20.0,0.0,0.0,24.0,0.0,0.0,0.0,18.4122,23.1,34.8
Panamera 4S Executive,Porsche,2023,ICE,6.0,2.9,Automatic (AM-S8),45730,5147.727272727273,19.0,0.0,0.0,23.1116,0.0,0.0,0.0,17.0,22.2,32.3
Panamera 4S ST,Porsche,2023,ICE,6.0,2.9,Automatic (AM-S8),45731,5147.727272727273,19.0,0.0,0.0,23.1116,0.0,0.0,0.0,17.0,22.2,32.3
Panamera 4,Porsche,2023,ICE,6.0,2.9,Automatic (AM-S8),45732,5147.727272727273,20.0,0.0,0.0,24.0,0.0,0.0,0.0,18.3385,23.0,34.6
Panamera 4 Executive,Porsche,2023,ICE,6.0,2.9,Automatic (AM-S8),45733,5147.727272727273,19.0,0.0,0.0,23.0,0.0,0.0,0.0,17.0,22.4,33.8
Panamera 4 ST,Porsche,2023,ICE,6.0,2.9,Automatic (AM-S8),45734,5147.727272727273,20.0,0.0,0.0,23.0,0.0,0.0,0.0,18.3385,23.0,33.8
Panamera Turbo S,Porsche,2023,ICE,8.0,4.0,Automatic (AM-S8),45735,5147.727272727273,17.0,0.0,0.0,21.0,0.0,0.0,0.0,15.3495,19.0,29.9
Panamera GTS,Porsche,2023,ICE,8.0,4.0,Automatic (AM-S8),45736,5147.727272727273,17.0,0.0,0.0,21.0,0.0,0.0,0.0,15.0,19.8,30.1
Panamera GTS ST,Porsche,2023,ICE,8.0,4.0,Automatic (AM-S8),45737,5147.727272727273,17.0,0.0,0.0,20.0,0.0,0.0,0.0,15.0,19.2,29.2
Titan 2WD,Nissan,2023,ICE,8.0,5.6,Automatic (S9),45738,6000.0,18.0,0.0,0.0,21.311,0.0,0.0,0.0,15.5764,19.3,29.600000000000005
Ridgeline AWD,Honda,2023,ICE,6.0,3.5,Automatic (S9),45739,4750.0,21.0,0.0,0.0,23.7728,0.0,0.0,0.0,18.0,23.6,33.3
Titan 4WD,Nissan,2023,ICE,8.0,5.6,Automatic (S9),45740,6000.0,18.0,0.0,0.0,21.2124,0.0,0.0,0.0,15.4813,19.1742,29.453099999999996
Titan 4WD PRO4X,Nissan,2023,ICE,8.0,5.6,Automatic (S9),45741,6000.0,17.0,0.0,0.0,20.4361,0.0,0.0,0.0,15.2737,18.9,28.3
Sequoia 2WD,Toyota,2023,HEV,6.0,3.4,Automatic (S10),45745,6250.0,22.0,0.0,0.0,24.1023,0.0,0.0,0.0,21.1067,26.8,33.8
Tahoe 4WD,Chevrolet,2023,ICE,8.0,5.3,Automatic 10-spd,45746,6000.0,17.0,0.0,0.0,20.0033,0.0,0.0,0.0,14.9069,19.4,29.6
Sequoia 4WD,Toyota,2023,HEV,6.0,3.4,Automatic (S10),45748,6250.0,20.0,0.0,0.0,22.3141,0.0,0.0,0.0,18.8896,23.7491,31.1
LYRIQ,Cadillac,2023,EV,,,Automatic (A1),45749,6000.0,89.0,0.0,37.6878,81.69,0.0,0.0,312.0,96.95,138.4912,116.7388
bZ4X,Toyota,2023,EV,,,Automatic (A1),45756,4666.666666666667,119.0,0.0,28.316999999999997,107.38,0.0,0.0,252.0,130.62,186.6,153.4
bZ4X LIMITED,Toyota,2023,EV,,,Automatic (A1),45757,4666.666666666667,114.0,0.0,30.0,103.0,0.0,0.0,242.0,125.0,186.6,153.4
bZ4X AWD,Toyota,2023,EV,,,Automatic (A1),45758,4666.666666666667,104.0,0.0,32.0,94.0,0.0,0.0,228.0,114.0,170.4,140.4
bZ4X LIMITED AWD,Toyota,2023,EV,,,Automatic (A1),45759,4666.666666666667,102.0,0.0,33.0,92.0,0.0,0.0,222.0,112.0,167.1,138.4
C40 Recharge twin,Volvo,2023,EV,,,Automatic (A1),45760,5000.0,87.0,0.0,38.5224,80.3491,0.0,0.0,226.0,94.3602,132.0,112.4
XC40 Recharge twin,Volvo,2023,EV,,,Automatic (A1),45761,4416.666666666667,85.0,0.0,39.4392,78.6884,0.0,0.0,223.0,91.9344,128.4,109.90000000000002
MC20,Maserati,2023,ICE,6.0,3.0,Automatic (S8),45762,3937.5,18.0,0.0,0.0,24.7365,0.0,0.0,0.0,15.2655,18.3106,31.9272
MC20 Spyder,Maserati,2023,ICE,6.0,3.0,Automatic (S8),45763,3937.5,18.0,0.0,0.0,24.9347,0.0,0.0,0.0,15.0516,18.1829,31.8508
Kicks,Nissan,2023,ICE,4.0,1.6,Automatic (variable gear ratios),45766,3000.0,33.0,0.0,0.0,35.9711,0.0,0.0,0.0,31.0089,41.2,52.6025
Urus Performante,Lamborghini,2023,ICE,8.0,4.0,Automatic (S8),45767,5500.0,16.0,0.0,0.0,18.8752,0.0,0.0,0.0,14.1316,17.4,26.0
Murano FWD,Nissan,2023,ICE,6.0,3.5,Automatic (AV-S7),45768,4350.0,23.0,0.0,0.0,28.0,0.0,0.0,0.0,20.4865,25.940499999999997,41.3615
Murano AWD,Nissan,2023,ICE,6.0,3.5,Automatic (AV-S7),45769,4350.0,23.0,0.0,0.0,28.142199999999995,0.0,0.0,0.0,19.699,24.8559,40.0243
Silverado 2WD,Chevrolet,2023,FCV,8.0,5.3,Automatic 10-spd,45770,5635.775862068966,18.0,0.0,0.0,20.1649,0.0,0.0,0.0,16.4796,20.5,32.3
Silverado 2WD,Chevrolet,2023,ICE,6.0,3.0,Automatic 10-spd,45772,5635.775862068966,26.0,0.0,0.0,29.0,0.0,0.0,0.0,23.561,30.2487,45.5428
Silverado 2WD,Chevrolet,2023,ICE,4.0,2.7,Automatic 8-spd,45775,5635.775862068966,20.0,0.0,0.0,21.5217,0.0,0.0,0.0,18.6251,23.3891,35.3116
Sierra 2WD,GMC,2023,FCV,8.0,5.3,Automatic 10-spd,45777,5782.738095238095,18.0,0.0,0.0,20.1649,0.0,0.0,0.0,16.4796,20.5,32.3
Sierra 2WD,GMC,2023,ICE,6.0,3.0,Automatic 10-spd,45779,5782.738095238095,26.0,0.0,0.0,29.0,0.0,0.0,0.0,23.561,30.2487,45.5428
Sierra 2WD,GMC,2023,ICE,4.0,2.7,Automatic 8-spd,45782,5782.738095238095,20.0,0.0,0.0,21.5556,0.0,0.0,0.0,18.6295,23.3951,35.3599
Silverado Mud Terrain Tires 4WD,Chevrolet,2023,FCV,8.0,5.3,Automatic 10-spd,45784,5635.775862068966,17.0,0.0,0.0,19.2393,0.0,0.0,0.0,15.4251,19.1,28.7
Silverado 4WD,Chevrolet,2023,FCV,8.0,5.3,Automatic 10-spd,45785,5635.775862068966,17.0,0.0,0.0,19.2393,0.0,0.0,0.0,15.4251,19.1,28.7
Silverado Mud Terrain Tires 4WD,Chevrolet,2023,ICE,8.0,6.2,Automatic 10-spd,45786,5635.775862068966,16.0,0.0,0.0,18.3133,0.0,0.0,0.0,14.0,18.7728,27.6838
Silverado 4WD,Chevrolet,2023,ICE,4.0,2.7,Automatic 8-spd,45787,5635.775862068966,19.0,0.0,0.0,20.5264,0.0,0.0,0.0,18.2961,22.9425,33.7659
Silverado 4WD,Chevrolet,2023,ICE,8.0,6.2,Automatic 10-spd,45793,5635.775862068966,17.0,0.0,0.0,19.6777,0.0,0.0,0.0,15.7819,19.5723,30.0251
Silverado 4WD ZR2,Chevrolet,2023,ICE,8.0,6.2,Automatic 10-spd,45794,5635.775862068966,15.0,0.0,0.0,16.7871,0.0,0.0,0.0,14.0551,17.3,24.7
Silverado Mud Terrain Tires 4WD,Chevrolet,2023,ICE,4.0,2.7,Automatic 8-spd,45795,5635.775862068966,17.0,0.0,0.0,17.7663,0.0,0.0,0.0,17.0031,21.2,28.8
Silverado 4WD,Chevrolet,2023,ICE,6.0,3.0,Automatic 10-spd,45796,5635.775862068966,24.0,0.0,0.0,26.9053,0.0,0.0,0.0,22.0,28.8,41.5
Silverado Mud Terrain Tires 4WD,Chevrolet,2023,ICE,6.0,3.0,Automatic 10-spd,45797,5635.775862068966,22.0,0.0,0.0,23.0661,0.0,0.0,0.0,21.1067,26.8,36.0
Sierra 4WD,GMC,2023,FCV,8.0,5.3,Automatic 10-spd,45800,5782.738095238095,17.0,0.0,0.0,19.2393,0.0,0.0,0.0,15.4251,19.1,28.7
Sierra Mud Terrain Tires 4WD,GMC,2023,FCV,8.0,5.3,Automatic 10-spd,45801,5782.738095238095,17.0,0.0,0.0,19.2393,0.0,0.0,0.0,15.4251,19.1,28.7
Sierra 4WD,GMC,2023,ICE,6.0,3.0,Automatic 10-spd,45802,5782.738095238095,24.0,0.0,0.0,27.175,0.0,0.0,0.0,22.0,28.9232,41.9162
Sierra Mud Terrain Tires 4WD,GMC,2023,ICE,8.0,6.2,Automatic 10-spd,45803,5782.738095238095,15.0,0.0,0.0,16.7871,0.0,0.0,0.0,14.0551,17.3,24.7
Sierra 4WD,GMC,2023,ICE,4.0,2.7,Automatic 8-spd,45804,5782.738095238095,19.0,0.0,0.0,20.3594,0.0,0.0,0.0,17.9691,22.5,33.5
Sierra 4WD,GMC,2023,ICE,8.0,6.2,Automatic 10-spd,45810,5782.738095238095,17.0,0.0,0.0,19.0512,0.0,0.0,0.0,15.2737,18.9,29.1
Sierra 4WD AT4X,GMC,2023,ICE,8.0,6.2,Automatic 10-spd,45811,5782.738095238095,15.0,0.0,0.0,16.7871,0.0,0.0,0.0,14.0551,17.3,24.7
Sierra Mud Terrain Tires 4WD,GMC,2023,ICE,4.0,2.7,Automatic 8-spd,45812,5782.738095238095,17.0,0.0,0.0,17.7663,0.0,0.0,0.0,17.0031,21.2,28.8
Sierra Mud Terrain Tires 4WD,GMC,2023,ICE,6.0,3.0,Automatic 10-spd,45813,5782.738095238095,22.0,0.0,0.0,23.0661,0.0,0.0,0.0,21.1067,26.8,36.0
Gladiator EcoDiesel 4WD,Jeep,2023,ICE,6.0,3.0,Automatic 8-spd,45815,5250.0,24.0,0.0,0.0,27.7421,0.0,0.0,0.0,21.6809,27.6,39.4
Gladiator Rubic EcoDiesel 4WD,Jeep,2023,ICE,6.0,3.0,Automatic 8-spd,45816,5250.0,24.0,0.0,0.0,27.0,0.0,0.0,0.0,21.0,27.6,39.4
Gladiator 4WD,Jeep,2023,ICE,6.0,3.6,Automatic 8-spd,45817,5250.0,19.0,0.0,0.0,21.9805,0.0,0.0,0.0,17.2268,21.5,30.6
Gladiator 4WD,Jeep,2023,ICE,6.0,3.6,Manual 6-spd,45818,5250.0,19.0,0.0,0.0,22.5804,0.0,0.0,0.0,16.4046,20.4,31.5
Silverado Cab Chassis 4WD,Chevrolet,2023,ICE,8.0,5.3,Automatic 10-spd,45819,5635.775862068966,16.0,0.0,0.0,17.3799,0.0,0.0,0.0,14.6224,19.1,26.2766
Silverado Cab Chassis 2WD,Chevrolet,2023,ICE,8.0,5.3,Automatic 10-spd,45820,5635.775862068966,16.0,0.0,0.0,17.8501,0.0,0.0,0.0,14.8416,19.3789,27.0577
Sierra Cab Chassis 4WD,GMC,2023,ICE,8.0,5.3,Automatic 10-spd,45821,5782.738095238095,16.0,0.0,0.0,17.3799,0.0,0.0,0.0,14.6224,19.1,26.2766
Sierra Cab Chassis 2WD,GMC,2023,ICE,8.0,5.3,Automatic 10-spd,45822,5782.738095238095,16.0,0.0,0.0,17.8501,0.0,0.0,0.0,14.8416,19.3789,27.0577
Equinox FWD,Chevrolet,2023,ICE,4.0,1.5,Automatic 6-spd,45823,3750.0,28.0,0.0,0.0,31.0,0.0,0.0,0.0,26.4446,34.4,47.6
Terrain FWD,GMC,2023,ICE,4.0,1.5,Automatic 9-spd,45824,3875.0,26.0,0.0,0.0,29.0,0.0,0.0,0.0,24.3683,31.4,42.3
Rogue FWD,Nissan,2023,ICE,3.0,1.5,Automatic (AV-S8),45825,3854.1666666666665,33.0,0.0,0.0,37.0,0.0,0.0,0.0,30.1206,39.8538,56.1807
Rogue FWD SL/Platinum,Nissan,2023,ICE,3.0,1.5,Automatic (AV-S8),45826,3854.1666666666665,32.0,0.0,0.0,36.0,0.0,0.0,0.0,29.4867,38.9,54.70000000000001
Equinox AWD,Chevrolet,2023,ICE,4.0,1.5,Automatic 6-spd,45827,3750.0,26.0,0.0,0.0,29.7811,0.0,0.0,0.0,23.8782,30.7,42.6
Terrain AWD,GMC,2023,ICE,4.0,1.5,Automatic 9-spd,45828,3875.0,26.0,0.0,0.0,28.3581,0.0,0.0,0.0,23.7306,30.4899,40.3619
CX-5 4WD,Mazda,2023,ICE,4.0,2.5,Automatic (S6),45829,4083.3333333333335,26.0,0.0,0.0,29.7683,0.0,0.0,0.0,23.9338,30.7793,42.5798
Rogue AWD,Nissan,2023,ICE,3.0,1.5,Automatic (AV-S8),45831,3854.1666666666665,31.0,0.0,0.0,35.0,0.0,0.0,0.0,28.0,39.507,54.224700000000006
Rogue AWD SL/Platinum,Nissan,2023,ICE,3.0,1.5,Automatic (AV-S8),45832,3854.1666666666665,31.0,0.0,0.0,34.0,0.0,0.0,0.0,28.0,38.1,52.5
Pathfinder 4WD Rock Creek,Nissan,2023,ICE,6.0,3.5,Automatic (S9),45833,4900.0,21.0,0.0,0.0,23.4195,0.0,0.0,0.0,19.7311,24.9,35.2
Macan,Porsche,2023,ICE,4.0,2.0,Automatic (AM-S7),45834,4750.0,21.0,0.0,0.0,25.282300000000003,0.0,0.0,0.0,19.0,24.9676,35.6
Macan S,Porsche,2023,ICE,6.0,2.9,Automatic (AM-S7),45835,4750.0,19.0,0.0,0.0,23.243800000000004,0.0,0.0,0.0,17.0,22.3929,32.4997
Macan T,Porsche,2023,ICE,4.0,2.0,Automatic (AM-S7),45836,4750.0,21.0,0.0,0.0,24.6279,0.0,0.0,0.0,19.2091,24.185099999999995,34.6
Macan GTS,Porsche,2023,ICE,6.0,2.9,Automatic (AM-S7),45837,4750.0,19.0,0.0,0.0,22.0,0.0,0.0,0.0,17.483,21.844399999999997,32.2
Forester AWD,Subaru,2023,ICE,4.0,2.5,Automatic (AV-S7),45838,3916.666666666667,29.0,0.0,0.0,32.6058,0.0,0.0,0.0,26.057,33.8355,47.1098
Forester Wilderness AWD,Subaru,2023,ICE,4.0,2.5,Automatic (AV-S8),45839,3916.666666666667,26.0,0.0,0.0,28.3824,0.0,0.0,0.0,24.7171,31.9,40.4
QX60 FWD,Infiniti,2023,ICE,6.0,3.5,Automatic (S9),45840,4875.0,23.0,0.0,0.0,26.1302,0.0,0.0,0.0,20.9043,26.519,39.52
Wagoneer 2WD,Jeep,2023,HEV,8.0,5.7,Automatic 8-spd,45841,6250.0,18.0,0.0,0.0,21.9137,0.0,0.0,0.0,16.1793,20.1,30.5
4Runner 2WD,Toyota,2023,ICE,6.0,4.0,Automatic (S5),45842,4875.0,17.0,0.0,0.0,18.9536,0.0,0.0,0.0,16.4046,20.4,28.7
QX60 AWD,Infiniti,2023,ICE,6.0,3.5,Automatic (S9),45843,4875.0,22.0,0.0,0.0,25.3286,0.0,0.0,0.0,19.76,24.9397,36.5572
Wagoneer 4WD,Jeep,2023,HEV,8.0,5.7,Automatic 8-spd,45847,6250.0,17.0,0.0,0.0,20.0305,0.0,0.0,0.0,15.1221,18.7,27.7
GX 460,Lexus,2023,ICE,8.0,4.6,Automatic (S6),45852,5500.0,16.0,0.0,0.0,19.0798,0.0,0.0,0.0,14.5136,17.9,26.3
Ascent,Subaru,2023,ICE,4.0,2.4,Automatic (AV-S8),45854,4875.0,22.0,0.0,0.0,25.7386,0.0,0.0,0.0,19.8767,25.1,36.3
Ascent Limited/Touring/Onyx AWD,Subaru,2023,ICE,4.0,2.4,Automatic (AV-S8),45855,4875.0,21.0,0.0,0.0,24.8246,0.0,0.0,0.0,18.8536,23.7,34.9
4Runner 4WD,Toyota,2023,ICE,6.0,4.0,Automatic (S5),45856,4875.0,17.0,0.0,0.0,18.9368,0.0,0.0,0.0,15.8705,19.6898,28.059
718 GT4 RS,Porsche,2023,ICE,6.0,4.0,Automatic (AM-S7),45858,3625.0,16.0,0.0,0.0,18.8752,0.0,0.0,0.0,14.666000000000002,18.1,26.0
Continental GT Convertible,Bentley,2023,ICE,8.0,4.0,Automatic (AM-S8),45859,5781.25,18.0,0.0,0.0,22.4184,0.0,0.0,0.0,14.8463,18.3,29.2
Continental GT,Bentley,2023,ICE,8.0,4.0,Automatic (AM-S8),45860,5781.25,18.0,0.0,0.0,22.591,0.0,0.0,0.0,15.4062,18.7,30.3
ES 250 AWD,Lexus,2023,ICE,4.0,2.5,Automatic (S8),45861,4000.0,28.0,0.0,0.0,34.4479,0.0,0.0,0.0,24.9954,32.3,50.1
ES 300h,Lexus,2023,HEV,4.0,2.5,Automatic (AV-S6),45862,4000.0,44.0,0.0,0.0,44.3348,0.0,0.0,0.0,43.0,59.72,60.732400000000005
S8,Audi,2023,HEV,8.0,4.0,Automatic (S8),45863,5500.0,18.0,0.0,0.0,22.8587,0.0,0.0,0.0,14.7911,19.3,32.1972
Tacoma 2WD,Toyota,2023,ICE,6.0,3.5,Automatic (S6),45864,4625.0,21.0,0.0,0.0,23.6408,0.0,0.0,0.0,18.7066,23.5,33.1
Tacoma 2WD,Toyota,2023,ICE,4.0,2.7,Automatic (S6),45865,4625.0,21.0,0.0,0.0,23.3764,0.0,0.0,0.0,19.5124,24.600000000000005,32.7
Tacoma 4WD,Toyota,2023,ICE,6.0,3.5,Automatic (S6),45866,4625.0,20.0,0.0,0.0,22.418400000000002,0.0,0.0,0.0,18.1217,22.7063,31.256600000000002
Tacoma 4WD,Toyota,2023,ICE,6.0,3.5,Manual 6-spd,45867,4625.0,18.0,0.0,0.0,20.571,0.0,0.0,0.0,17.0777,21.3,28.5
Tacoma 4WD D-CAB MT TRD-ORP/PRO,Toyota,2023,ICE,6.0,3.5,Manual 6-spd,45868,4625.0,18.0,0.0,0.0,20.066,0.0,0.0,0.0,17.0973,21.3263,27.7525
Tacoma 4WD,Toyota,2023,ICE,4.0,2.7,Automatic (S6),45869,4625.0,20.0,0.0,0.0,22.2474,0.0,0.0,0.0,18.5595,23.3,31.0
Frontier 2WD,Nissan,2023,ICE,6.0,3.8,Automatic (S9),45870,5031.25,20.0,0.0,0.0,24.2839,0.0,0.0,0.0,18.3385,23.0,34.0761
Tundra 2WD,Toyota,2023,ICE,6.0,3.4,Automatic (S10),45871,6133.333333333333,20.0,0.0,0.0,23.6324,0.0,0.0,0.0,18.0379,22.593,33.0873
Frontier 4WD,Nissan,2023,ICE,6.0,3.8,Automatic (S9),45874,5031.25,19.0,0.0,0.0,22.0,0.0,0.0,0.0,17.0,22.2495,31.7644
Frontier 4WD PRO4X,Nissan,2023,ICE,6.0,3.8,Automatic (S9),45875,5031.25,19.0,0.0,0.0,21.9137,0.0,0.0,0.0,16.9285,21.1,30.5
Tundra 4WD,Toyota,2023,ICE,6.0,3.4,Automatic (S10),45876,6133.333333333333,19.0,0.0,0.0,22.5804,0.0,0.0,0.0,17.3012,21.600000000000005,31.5
Tundra 4WD PRO,Toyota,2023,HEV,6.0,3.4,Automatic (S10),45879,6133.333333333333,19.0,0.0,0.0,20.301,0.0,0.0,0.0,18.2647,22.899999999999995,28.100000000000005
QX50,Infiniti,2023,ICE,4.0,2.0,Automatic (AV-S8),45880,4312.5,26.0,0.0,0.0,29.0,0.0,0.0,0.0,23.0,31.3,44.0
Outlander 2WD,Mitsubishi,2023,ICE,4.0,2.5,Automatic (AV-S8),45881,4071.4285714285716,27.0,0.0,0.0,31.3373,0.0,0.0,0.0,24.0,31.609,45.0734
Pathfinder 2WD,Nissan,2023,ICE,6.0,3.5,Automatic (S9),45882,4900.0,23.0,0.0,0.0,26.5032,0.0,0.0,0.0,20.3388,25.7366,38.7038
Tiguan,Volkswagen,2023,ICE,4.0,2.0,Automatic (S8),45883,4250.0,26.0,0.0,0.0,30.034,0.0,0.0,0.0,23.2447,29.8,43.0
Tiguan S,Volkswagen,2023,ICE,4.0,2.0,Automatic (S8),45884,4250.0,27.0,0.0,0.0,31.2288,0.0,0.0,0.0,24.1585,31.1,44.9
QX50 AWD,Infiniti,2023,ICE,4.0,2.0,Automatic (AV-S8),45885,4312.5,25.0,0.0,0.0,28.0,0.0,0.0,0.0,22.0,29.779,41.952
Outlander 4WD,Mitsubishi,2023,ICE,4.0,2.5,Automatic (AV-S8),45886,4071.4285714285716,26.0,0.0,0.0,30.0,0.0,0.0,0.0,24.4501,31.517,44.0897
Pathfinder 4WD,Nissan,2023,ICE,6.0,3.5,Automatic (S9),45887,4900.0,23.0,0.0,0.0,27.235499999999995,0.0,0.0,0.0,21.0347,26.7,40.5
Pathfinder 4WD SL/Platinum,Nissan,2023,ICE,6.0,3.5,Automatic (S9),45888,4900.0,22.0,0.0,0.0,25.4941,0.0,0.0,0.0,20.2694,25.640800000000002,39.2212
Durango RWD,Dodge,2023,ICE,8.0,5.7,Automatic 8-spd,45889,5500.0,17.0,0.0,0.0,22.3141,0.0,0.0,0.0,14.1316,17.4,31.1
Durango AWD,Dodge,2023,ICE,6.0,3.6,Automatic 8-spd,45890,5500.0,21.0,0.0,0.0,25.1517,0.0,0.0,0.0,18.0,23.4,35.4
Durango AWD,Dodge,2023,ICE,8.0,5.7,Automatic 8-spd,45891,5500.0,17.0,0.0,0.0,21.6461,0.0,0.0,0.0,14.0551,17.3,30.1
Continental GT Convertible Speed,Bentley,2023,ICE,12.0,6.0,Automatic (AM-S8),45897,5781.25,14.0,0.0,0.0,18.2215,0.0,0.0,0.0,11.5951,14.1,25.0
Continental GT Speed,Bentley,2023,ICE,12.0,6.0,Automatic (AM-S8),45898,5781.25,15.0,0.0,0.0,19.6256,0.0,0.0,0.0,11.9795,14.3,26.1
Corolla Hatchback,Toyota,2023,ICE,4.0,2.0,Automatic (AV-S10),45899,3442.1428571428573,35.0,0.0,0.0,40.8556,0.0,0.0,0.0,31.7383,42.3137,60.8162
Corolla Hatchback XSE,Toyota,2023,ICE,4.0,2.0,Automatic (AV-S10),45900,3442.1428571428573,33.0,0.0,0.0,38.3105,0.0,0.0,0.0,29.8859,39.5,56.5
Malibu,Chevrolet,2023,ICE,4.0,1.5,Automatic (variable gear ratios),45903,3458.3333333333335,30.0,0.0,0.0,34.5748,0.0,0.0,0.0,27.4569,35.8834,50.3074
Bentayga,Bentley,2023,ICE,8.0,4.0,Automatic (S8),45905,6000.0,17.0,0.0,0.0,21.0289,0.0,0.0,0.0,14.4974,18.3,29.6
Bentayga EWB,Bentley,2023,ICE,8.0,4.0,Automatic (S8),45906,6000.0,17.0,0.0,0.0,21.0289,0.0,0.0,0.0,14.4974,18.3,29.6
Bentayga Speed,Bentley,2023,ICE,12.0,6.0,Automatic (S8),45907,6000.0,14.0,0.0,0.0,18.5337,0.0,0.0,0.0,12.2026,14.9,25.5
Corvette Z06,Chevrolet,2023,ICE,8.0,5.5,Automatic (S8),45908,3937.5,15.0,0.0,0.0,20.5777,0.0,0.0,0.0,12.1541,14.3,25.4
Corvette Z06 Carbon Aero,Chevrolet,2023,ICE,8.0,5.5,Automatic (S8),45909,3937.5,14.0,0.0,0.0,18.5718,0.0,0.0,0.0,11.7738,13.8,23.5
718 Boxster,Porsche,2023,ICE,4.0,2.0,Automatic (AM-S7),45910,3625.0,24.0,0.0,0.0,27.0344,0.0,0.0,0.0,21.3942,27.2,38.3
718 Cayman,Porsche,2023,ICE,4.0,2.0,Automatic (AM-S7),45911,3625.0,24.0,0.0,0.0,27.0344,0.0,0.0,0.0,21.3942,27.2,38.3
718 Boxster S,Porsche,2023,ICE,4.0,2.5,Manual 6-spd,45912,3625.0,21.0,0.0,0.0,24.431,0.0,0.0,0.0,18.7801,23.600000000000005,34.3
718 Boxster S,Porsche,2023,ICE,4.0,2.5,Automatic (AM-S7),45913,3625.0,22.0,0.0,0.0,25.477999999999998,0.0,0.0,0.0,19.22,24.2,35.9
718 Cayman S,Porsche,2023,ICE,4.0,2.5,Manual 6-spd,45914,3625.0,21.0,0.0,0.0,24.431,0.0,0.0,0.0,18.7801,23.600000000000005,34.3
718 Cayman S,Porsche,2023,ICE,4.0,2.5,Automatic (AM-S7),45915,3625.0,22.0,0.0,0.0,25.477999999999998,0.0,0.0,0.0,19.22,24.2,35.9
718 Boxster T,Porsche,2023,ICE,4.0,2.0,Manual 6-spd,45916,3625.0,22.0,0.0,0.0,26.3231,0.0,0.0,0.0,20.0948,25.399999999999995,37.2
718 Boxster T,Porsche,2023,ICE,4.0,2.0,Automatic (AM-S7),45917,3625.0,23.0,0.0,0.0,26.9699,0.0,0.0,0.0,20.9627,26.600000000000005,38.2
718 Cayman T,Porsche,2023,ICE,4.0,2.0,Manual 6-spd,45918,3625.0,22.0,0.0,0.0,26.3231,0.0,0.0,0.0,20.0948,25.399999999999995,37.2
718 Cayman T,Porsche,2023,ICE,4.0,2.0,Automatic (AM-S7),45919,3625.0,23.0,0.0,0.0,26.9699,0.0,0.0,0.0,20.9627,26.600000000000005,38.2
IS 300 AWD,Lexus,2023,ICE,6.0,3.5,Automatic (S6),45924,4000.0,22.0,0.0,0.0,25.9987,0.0,0.0,0.0,19.22,24.2,36.7
IS 350,Lexus,2023,ICE,6.0,3.5,Automatic (S8),45925,4000.0,23.0,0.0,0.0,27.8704,0.0,0.0,0.0,20.0221,25.3,39.6
IS 350 AWD,Lexus,2023,ICE,6.0,3.5,Automatic (S6),45926,4000.0,22.0,0.0,0.0,25.9987,0.0,0.0,0.0,19.22,24.2,36.7
IS 500,Lexus,2023,ICE,8.0,5.0,Automatic (S8),45927,4000.0,20.0,0.0,0.0,25.426,0.0,0.0,0.0,16.6322,20.7,34.6
IS 300,Lexus,2023,ICE,4.0,2.0,Automatic (S8),45928,4000.0,25.0,0.0,0.0,31.1035,0.0,0.0,0.0,21.3224,27.1,44.7
Corolla Hybrid,Toyota,2023,HEV,4.0,1.8,Automatic (variable gear ratios),45929,3442.1428571428573,47.0,0.0,0.0,43.0,0.0,0.0,0.0,50.3846,70.8,64.2
Corolla Hybrid AWD,Toyota,2023,HEV,4.0,1.8,Automatic (variable gear ratios),45930,3442.1428571428573,44.0,0.0,0.0,41.0,0.0,0.0,0.0,47.0,65.5,61.0
Corolla,Toyota,2023,ICE,4.0,2.0,Automatic (AV-S10),45931,3442.1428571428573,35.0,0.0,0.0,41.0,0.0,0.0,0.0,32.0,43.5,62.69939999999999
Elantra N,Hyundai,2023,ICE,4.0,2.0,Automatic (AM-S8),45933,3339.7988505747126,23.0,0.0,0.0,29.6202,0.0,0.0,0.0,19.5079,23.6938,38.6752
Elantra N,Hyundai,2023,ICE,4.0,2.0,Manual 6-spd,45934,3339.7988505747126,25.0,0.0,0.0,30.7233,0.0,0.0,0.0,21.6676,26.4,42.1
ES 350,Lexus,2023,ICE,6.0,3.5,Automatic (S8),45935,4000.0,26.0,0.0,0.0,32.1182,0.0,0.0,0.0,21.822099999999995,27.7974,46.3248
ES 350 F Sport,Lexus,2023,ICE,6.0,3.5,Automatic (S8),45936,4000.0,25.0,0.0,0.0,31.1662,0.0,0.0,0.0,21.6093,27.5,44.79999999999999
Maxima,Nissan,2023,ICE,6.0,3.5,Automatic (AV-S7),45943,3937.5,24.0,0.0,0.0,29.9667,0.0,0.0,0.0,20.0,27.2427,42.8936
Altima,Nissan,2023,ICE,4.0,2.5,Automatic (variable gear ratios),45944,3666.6666666666665,32.0,0.0,0.0,38.646,0.0,0.0,0.0,27.443699999999996,35.864,57.0644
Altima AWD,Nissan,2023,ICE,4.0,2.5,Automatic (variable gear ratios),45945,3666.6666666666665,30.0,0.0,0.0,35.6102,0.0,0.0,0.0,26.1125,33.9163,52.0071
Altima SL/SR,Nissan,2023,ICE,4.0,2.5,Automatic (variable gear ratios),45946,3666.6666666666665,31.0,0.0,0.0,37.4747,0.0,0.0,0.0,27.1962,35.5,55.1
Altima SR,Nissan,2023,ICE,4.0,2.0,Automatic (AV-S8),45947,3666.6666666666665,29.0,0.0,0.0,33.8035,0.0,0.0,0.0,25.4106,32.8988,49.0495
Sienna 2WD,Toyota,2023,HEV,4.0,2.5,Automatic (AV-S6),45948,5062.5,36.0,0.0,0.0,36.3698,0.0,0.0,0.0,35.7632,48.6406,49.6305
Sienna AWD,Toyota,2023,HEV,4.0,2.5,Automatic (AV-S6),45949,5062.5,35.0,0.0,0.0,35.6386,0.0,0.0,0.0,34.5397,47.0,48.5008
CR-V FWD,Honda,2023,ICE,4.0,1.5,Automatic (variable gear ratios),45950,3977.6785714285716,30.0,0.0,0.0,33.7689,0.0,0.0,0.0,27.9688,36.6388,48.9932
Telluride FWD,Kia,2023,ICE,6.0,3.8,Automatic (S8),45951,4700.0,23.0,0.0,0.0,26.4527,0.0,0.0,0.0,20.0948,25.4,37.4
CR-V AWD,Honda,2023,ICE,4.0,1.5,Automatic (variable gear ratios),45952,3977.6785714285716,29.0,0.0,0.0,31.7289,0.0,0.0,0.0,26.8552,35.0,45.7
Telluride AWD,Kia,2023,ICE,6.0,3.8,Automatic (S8),45955,4700.0,21.0,0.0,0.0,23.9799,0.0,0.0,0.0,18.3863,23.0648,33.6141
CX-9 4WD,Mazda,2023,ICE,4.0,2.5,Automatic (S6),45956,4750.0,23.0,0.0,0.0,26.0827,0.0,0.0,0.0,20.2959,25.6773,36.8293
QX80 2WD,Infiniti,2023,ICE,8.0,5.6,Automatic (S7),45959,6166.666666666667,16.0,0.0,0.0,19.7602,0.0,0.0,0.0,14.010799999999998,17.2422,27.9876
QX80 4WD,Infiniti,2023,ICE,8.0,5.6,Automatic (S7),45960,6166.666666666667,15.0,0.0,0.0,19.4757,0.0,0.0,0.0,13.0,16.7,27.3
718 Boxster,Porsche,2023,ICE,4.0,2.0,Manual 6-spd,45966,3625.0,22.0,0.0,0.0,24.6935,0.0,0.0,0.0,19.6583,24.8,34.7
718 Boxster GTS,Porsche,2023,ICE,6.0,3.7,Manual 6-spd,45967,3625.0,19.0,0.0,0.0,23.5087,0.0,0.0,0.0,16.8538,21.0,32.9
718 Boxster GTS,Porsche,2023,ICE,6.0,3.7,Automatic (AM-S7),45968,3625.0,21.0,0.0,0.0,24.1023,0.0,0.0,0.0,19.1468,24.100000000000005,33.8
718 Spyder,Porsche,2023,ICE,6.0,3.7,Manual 6-spd,45969,3625.0,19.0,0.0,0.0,23.1778,0.0,0.0,0.0,16.8538,21.0,32.4
718 Spyder,Porsche,2023,ICE,6.0,3.7,Automatic (AM-S7),45970,3625.0,20.0,0.0,0.0,23.7068,0.0,0.0,0.0,18.117,22.7,33.2
718 Cayman GTS,Porsche,2023,ICE,6.0,3.7,Manual 6-spd,45971,3625.0,19.0,0.0,0.0,23.5087,0.0,0.0,0.0,16.8538,21.0,32.9
718 Cayman GTS,Porsche,2023,ICE,6.0,3.7,Automatic (AM-S7),45972,3625.0,21.0,0.0,0.0,24.1023,0.0,0.0,0.0,19.1468,24.100000000000005,33.8
718 Cayman GT4,Porsche,2023,ICE,6.0,3.7,Manual 6-spd,45973,3625.0,19.0,0.0,0.0,22.8462,0.0,0.0,0.0,16.8538,21.0,31.899999999999995
718 Cayman GT4,Porsche,2023,ICE,6.0,3.7,Automatic (AM-S7),45974,3625.0,20.0,0.0,0.0,23.7068,0.0,0.0,0.0,18.117,22.7,33.2
Passport AWD,Honda,2023,ICE,6.0,3.5,Automatic (S9),45978,4500.0,21.0,0.0,0.0,24.4967,0.0,0.0,0.0,19.3663,24.4,34.4
Urus S,Lamborghini,2023,ICE,8.0,4.0,Automatic (S8),45980,5500.0,16.0,0.0,0.0,18.8752,0.0,0.0,0.0,14.1316,17.4,26.0
e-tron quattro,Audi,2023,EV,,,Automatic (A2),45984,6000.0,79.0,0.0,42.8872,79.0402,0.0,0.0,226.0,78.2253,105.6,106.7
e-tron Sportback quattro,Audi,2023,EV,,,Automatic (A2),45987,6000.0,78.0,0.0,43.1722,79.855,0.0,0.0,225.0,76.6697,103.5,107.8
i4 M50 Gran Coupe (19 inch wheels),BMW,2023,EV,,,Automatic (A1),45990,5125.0,96.0,0.0,35.2249,97.8969,0.0,0.0,271.0,93.9483,126.1,131.4
i4 M50 Gran Coupe (20 inch wheels),BMW,2023,EV,,,Automatic (A1),45991,5125.0,80.0,0.0,42.3096,80.2397,0.0,0.0,227.0,79.1967,106.3,107.7
i4 eDrive40 Gran Coupe (18 inch wheels),BMW,2023,EV,,,Automatic (A1),45992,5125.0,109.0,0.0,33.9144,108.4033,0.0,0.0,301.0,109.4538,156.3,154.8
i7 xDrive60 Sedan (19 inch wheels),BMW,2023,EV,,,Automatic (A1),45993,6000.0,89.0,0.0,37.7519,91.64730000000002,0.0,0.0,318.0,87.4328,122.40000000000002,128.3
i7 xDrive60 Sedan (20 inch wheels),BMW,2023,EV,,,Automatic (A1),45994,6000.0,83.0,0.0,40.6332,85.3612,0.0,0.0,296.0,81.0753,113.5,119.5
i7 xDrive60 Sedan (21 inch wheels),BMW,2023,EV,,,Automatic (A1),45995,6000.0,87.0,0.0,38.7578,89.0043,0.0,0.0,308.0,85.3612,119.5,124.59999999999998
iX xDrive50 (20 inch wheels),BMW,2023,EV,,,Automatic (A1),45996,6000.0,86.0,0.0,38.9911,86.6048,0.0,0.0,324.0,86.3105,117.3,117.7
iX xDrive50 (21 inch wheels),BMW,2023,EV,,,Automatic (A1),45997,6000.0,83.0,0.0,40.6757,83.5144,0.0,0.0,305.0,82.3371,111.9,113.5
iX xDrive50 (22 inch wheels),BMW,2023,EV,,,Automatic (A1),45998,6000.0,86.0,0.0,39.2692,85.4275,0.0,0.0,315.0,86.1634,117.1,116.1
Electrified G80,Genesis,2023,EV,,,Automatic (A1),45999,4666.666666666667,97.0,0.0,33.5099,92.47,0.0,0.0,282.0,108.36,154.8,132.1
Kona Electric,Hyundai,2023,EV,,,Automatic (A1),46000,3677.777777777778,120.0,0.0,27.480100000000004,108.84999999999998,0.0,0.0,258.0,136.85,195.5,155.5
I-Pace EV400 (20 inch tires),Jaguar,2023,EV,,,Automatic (A1),46001,5250.0,85.0,0.0,39.4505,81.6706,0.0,0.0,246.0,88.7855,117.3,107.9
I-Pace EV400 (22 inch tires),Jaguar,2023,EV,,,Automatic (A1),46002,5250.0,76.0,0.0,44.6407,72.08,0.0,0.0,217.0,78.5551,110.4,101.3
EV6 AWD GT,Kia,2023,EV,,,Automatic (A1),46003,4700.0,79.0,0.0,42.4438,73.78,0.0,0.0,206.0,84.7,121.0,105.4
EV6 Long Range AWD (19 inch tires),Kia,2023,EV,,,Automatic (A1),46004,4700.0,109.0,0.0,31.059500000000003,97.51,0.0,0.0,282.0,119.55999999999999,170.8,139.3
EV6 Long Range AWD (20 inch tires),Kia,2023,EV,,,Automatic (A1),46005,4700.0,96.0,0.0,34.2496,88.48,0.0,0.0,252.0,108.35999999999999,154.8,126.4
EV6 Long Range RWD,Kia,2023,EV,,,Automatic (A1),46006,4700.0,117.0,0.0,28.036099999999998,103.73999999999998,0.0,0.0,310.0,138.18,197.4,148.2
EV6 Standard Range RWD,Kia,2023,EV,,,Automatic (A1),46007,4700.0,117.0,0.0,28.3108,101.92,0.0,0.0,232.0,138.04,197.2,145.6
Niro Electric,Kia,2023,EV,,,Automatic (A1),46008,3706.439393939394,113.0,0.0,29.2513,102.62,0.0,0.0,253.0,128.1,183.0,146.6
EQS 450 4Matic,Mercedes-Benz,2023,EV,,,Automatic (A1),46009,6300.0,103.0,0.0,31.030399999999997,111.0732,0.0,0.0,340.0,106.69070000000002,141.2,147.0
EQS 450 4Matic (SUV),Mercedes-Benz,2023,EV,,,Automatic (A1),46010,6300.0,78.0,0.0,42.6052,77.7455,0.0,0.0,285.0,80.2627,111.6,108.1
EQS 450 Plus (SUV),Mercedes-Benz,2023,EV,,,Automatic (A1),46011,6300.0,85.0,0.0,39.1151,84.0427,0.0,0.0,305.0,87.99,122.6,117.1
EQS 580 4Matic (SUV),Mercedes-Benz,2023,EV,,,Automatic (A1),46012,6300.0,77.0,0.0,42.0553,77.2313,0.0,0.0,285.0,82.6965,115.0,107.4
ARIYA ENGAGE FWD 63kWh,Nissan,2023,EV,,,Automatic (A1),46013,4833.333333333333,101.0,0.0,33.2574,93.66000000000001,0.0,0.0,216.0,108.64,155.2,133.8
ARIYA EVO Plus/EMP Plus/PRM FWD 87kWh,Nissan,2023,EV,,,Automatic (A1),46014,4833.333333333333,98.0,0.0,34.3726,90.79,0.0,0.0,289.0,104.93,149.9,129.7
ARIYA VENTURE Plus FWD 87kWh,Nissan,2023,EV,,,Automatic (A1),46015,4833.333333333333,103.0,0.0,32.7108,94.78000000000002,0.0,0.0,304.0,110.95,158.5,135.4
LEAF,Nissan,2023,EV,,,Automatic (A1),46016,4062.5,111.0,0.0,30.4264,98.84,0.0,0.0,149.0,122.92,175.6,141.2
LEAF SV,Nissan,2023,EV,,,Automatic (A1),46017,4062.5,109.0,0.0,30.7824,98.07,0.0,0.0,212.0,121.03,172.9,140.1
Taycan 4 Cross Turismo,Porsche,2023,EV,,,Automatic (A2),46018,5431.818181818182,80.0,0.0,42.0106,80.5,0.0,0.0,235.0,80.01,114.3,115.0
Taycan 4S Cross Turismo,Porsche,2023,EV,,,Automatic (A2),46019,5431.818181818182,78.0,0.0,42.7868,78.89,0.0,0.0,230.0,78.68,112.4,112.7
Taycan 4S Perf Battery Plus,Porsche,2023,EV,,,Automatic (A2),46020,5431.818181818182,80.0,0.0,42.2815,80.57,0.0,0.0,235.0,79.03,112.9,115.1
Taycan 4S Performance Battery,Porsche,2023,EV,,,Automatic (A2),46021,5431.818181818182,82.0,0.0,40.4962,83.23,0.0,0.0,206.0,83.23,118.9,118.9
Taycan GTS,Porsche,2023,EV,,,Automatic (A2),46022,5431.818181818182,83.0,0.0,40.6946,82.25,0.0,0.0,246.0,83.3,119.0,117.5
Taycan GTS Sport Turismo,Porsche,2023,EV,,,Automatic (A2),46023,5431.818181818182,80.0,0.0,42.0951,79.8,0.0,0.0,233.0,80.29,114.7,114.0
Taycan Perf Battery Plus,Porsche,2023,EV,,,Automatic (A2),46024,5431.818181818182,82.0,0.0,41.1859,87.64,0.0,0.0,242.0,77.63,110.9,125.2
Taycan Performance Battery,Porsche,2023,EV,,,Automatic (A2),46025,5431.818181818182,83.0,0.0,40.6731,87.78,0.0,0.0,208.0,79.24,113.2,125.4
Taycan Turbo,Porsche,2023,EV,,,Automatic (A2),46026,5431.818181818182,81.0,0.0,41.8137,79.73,0.0,0.0,238.0,81.34,116.2,113.9
Taycan Turbo Cross Turismo,Porsche,2023,EV,,,Automatic (A2),46027,5431.818181818182,79.0,0.0,41.631,79.52,0.0,0.0,233.0,82.18,117.4,113.6
Taycan Turbo S,Porsche,2023,EV,,,Automatic (A2),46028,5431.818181818182,75.0,0.0,44.5214,74.34,0.0,0.0,222.0,76.86,109.8,106.2
Taycan Turbo S Cross Turismo,Porsche,2023,EV,,,Automatic (A2),46029,5431.818181818182,75.0,0.0,44.5214,74.34,0.0,0.0,222.0,76.86,109.8,106.2
Solterra AWD,Subaru,2023,EV,,,Automatic (A1),46030,4750.0,104.0,0.0,30.933900000000005,98.42,0.0,0.0,228.0,119.42,170.6,140.6
Solterra Limited/Touring AWD,Subaru,2023,EV,,,Automatic (A1),46031,4750.0,102.0,0.0,32.1274,95.27,0.0,0.0,222.0,114.38,163.4,136.1
ID.4,Volkswagen,2023,EV,,,Automatic (A1),46032,5000.0,107.0,0.0,31.476700000000005,98.63,0.0,0.0,209.0,115.15000000000002,164.5,140.9
ID.4 AWD Pro,Volkswagen,2023,EV,,,Automatic (A1),46033,5000.0,99.0,0.0,34.1754,92.54,0.0,0.0,255.0,104.23,148.9,132.2
ID.4 AWD Pro S,Volkswagen,2023,EV,,,Automatic (A1),46034,5000.0,99.0,0.0,34.1754,92.54,0.0,0.0,255.0,104.23,148.9,132.2
ID.4 Pro,Volkswagen,2023,EV,,,Automatic (A1),46035,5000.0,107.0,0.0,31.531500000000005,98.28000000000002,0.0,0.0,275.0,115.15000000000002,164.5,140.4
ID.4 Pro S,Volkswagen,2023,EV,,,Automatic (A1),46036,5000.0,107.0,0.0,31.531500000000005,98.28000000000002,0.0,0.0,275.0,115.15000000000002,164.5,140.4
ID.4 S,Volkswagen,2023,EV,,,Automatic (A1),46037,5000.0,107.0,0.0,31.476700000000005,98.63,0.0,0.0,209.0,115.15000000000002,164.5,140.9
LC 500 Convertible,Lexus,2023,ICE,8.0,5.0,Automatic (S10),46039,4750.0,18.0,0.0,0.0,24.8261,0.0,0.0,0.0,14.7421,18.2,34.9023
RC 300 AWD,Lexus,2023,ICE,6.0,3.5,Automatic (S6),46040,4125.0,22.0,0.0,0.0,25.9987,0.0,0.0,0.0,19.22,24.2,36.7
RC 350,Lexus,2023,ICE,6.0,3.5,Automatic (S8),46041,4125.0,23.0,0.0,0.0,27.8704,0.0,0.0,0.0,20.0221,25.3,39.6
RC 350 AWD,Lexus,2023,ICE,6.0,3.5,Automatic (S6),46042,4125.0,22.0,0.0,0.0,25.9987,0.0,0.0,0.0,19.22,24.2,36.7
RC 300,Lexus,2023,ICE,4.0,2.0,Automatic (S8),46043,4125.0,25.0,0.0,0.0,31.1035,0.0,0.0,0.0,21.3224,27.1,44.7
LC 500,Lexus,2023,ICE,8.0,5.0,Automatic (S10),46044,4750.0,19.0,0.0,0.0,24.5689,0.0,0.0,0.0,15.5764,19.3,34.51
Civic 4Dr,Honda,2023,ICE,4.0,1.5,Automatic (variable gear ratios),46051,3367.5925925925926,36.0,0.0,0.0,41.6035,0.0,0.0,0.0,32.8942,44.0943,62.1
Civic 4Dr,Honda,2023,ICE,4.0,1.5,Automatic (AV-S7),46052,3367.5925925925926,34.0,0.0,0.0,38.3105,0.0,0.0,0.0,31.0089,41.2,56.5
Civic 4Dr,Honda,2023,ICE,4.0,1.5,Manual 6-spd,46053,3367.5925925925926,31.0,0.0,0.0,37.0,0.0,0.0,0.0,27.4002,35.8,56.29999999999999
Civic 4Dr,Honda,2023,ICE,4.0,2.0,Automatic (AV-S7),46054,3367.5925925925926,33.0,0.0,0.0,37.4747,0.0,0.0,0.0,30.2174,40.0,55.1
RDX FWD,Acura,2023,ICE,4.0,2.0,Automatic (S10),46062,4218.75,24.0,0.0,0.0,28.2546,0.0,0.0,0.0,22.2521,28.4,40.2
RDX FWD A-SPEC,Acura,2023,ICE,4.0,2.0,Automatic (S10),46063,4218.75,24.0,0.0,0.0,26.8377,0.0,0.0,0.0,21.5376,27.4,39.8
CR-V Hybrid FWD,Honda,2023,HEV,4.0,2.0,Automatic (variable gear ratios),46064,3977.6785714285716,40.0,0.0,0.0,36.0,0.0,0.0,0.0,43.2731,61.0,54.7478
Sorento FWD,Kia,2023,ICE,4.0,2.5,Automatic (S8),46065,4420.833333333333,26.0,0.0,0.0,29.1395,0.0,0.0,0.0,24.1573,31.0983,44.9
Sorento FWD,Kia,2023,ICE,4.0,2.5,Automatic (AM-S8),46066,4420.833333333333,25.0,0.0,0.0,28.5984,0.0,0.0,0.0,22.441,28.6654,40.7383
RAV4,Toyota,2023,ICE,4.0,2.5,Automatic (S8),46067,4003.4722222222226,30.0,0.0,0.0,34.8146,0.0,0.0,0.0,26.7869,34.9,50.70000000000001
RDX AWD,Acura,2023,ICE,4.0,2.0,Automatic (S10),46069,4218.75,23.0,0.0,0.0,27.4851,0.0,0.0,0.0,21.3942,27.2,39.0
RDX AWD A-SPEC,Acura,2023,ICE,4.0,2.0,Automatic (S10),46070,4218.75,23.0,0.0,0.0,25.8195,0.0,0.0,0.0,20.8483,26.4413,38.3945
CR-V Hybrid AWD,Honda,2023,HEV,4.0,2.0,Automatic (variable gear ratios),46071,3977.6785714285716,37.0,0.0,0.0,34.0802,0.0,0.0,0.0,40.3712,56.1,49.5
Sorento AWD,Kia,2023,ICE,4.0,2.5,Automatic (S8),46072,4420.833333333333,24.0,0.0,0.0,25.4439,0.0,0.0,0.0,23.3858,30.0,40.8
Sorento AWD,Kia,2023,ICE,4.0,2.5,Automatic (AM-S8),46073,4420.833333333333,24.0,0.0,0.0,27.0344,0.0,0.0,0.0,21.6093,27.5,38.3
RAV4 AWD,Toyota,2023,ICE,4.0,2.5,Automatic (S8),46074,4003.4722222222226,28.0,0.0,0.0,32.9713,0.0,0.0,0.0,24.7171,31.899999999999995,47.70000000000001
RAV4 AWD TRD OFFROAD,Toyota,2023,ICE,4.0,2.5,Automatic (S8),46076,4003.4722222222226,28.0,0.0,0.0,31.7289,0.0,0.0,0.0,24.8563,32.1,45.70000000000001
RAV4 AWD LE,Toyota,2023,ICE,4.0,2.5,Automatic (S8),46077,4003.4722222222226,30.0,0.0,0.0,33.9509,0.0,0.0,0.0,27.1257,35.3965,49.2893
RAV4 Hybrid AWD,Toyota,2023,HEV,4.0,2.5,Automatic (AV-S6),46078,4003.4722222222226,40.0,0.0,0.0,38.2156,0.0,0.0,0.0,41.0,57.6,53.70000000000001
Venza AWD,Toyota,2023,HEV,4.0,2.5,Automatic (AV-S6),46079,4250.0,39.0,0.0,0.0,37.0298,0.0,0.0,0.0,40.047,54.4603,51.9846
RAV4 Hybrid AWD Woodland Edition,Toyota,2023,HEV,4.0,2.5,Automatic (AV-S6),46080,4003.4722222222226,37.0,0.0,0.0,34.6706,0.0,0.0,0.0,38.2528,52.29999999999999,49.1
Z4 sDrive30i,BMW,2023,ICE,4.0,2.0,Automatic (S8),46081,3875.0,28.0,0.0,0.0,32.9095,0.0,0.0,0.0,24.9954,32.3,47.6
Z4 M40i,BMW,2023,ICE,6.0,3.0,Automatic (S8),46082,3875.0,26.0,0.0,0.0,31.354,0.0,0.0,0.0,22.6786,29.0,45.1
718 Cayman,Porsche,2023,ICE,4.0,2.0,Manual 6-spd,46087,3625.0,22.0,0.0,0.0,24.6935,0.0,0.0,0.0,19.6583,24.8,34.7
LC 500h,Lexus,2023,HEV,6.0,3.5,Automatic (AV-S10),46122,4750.0,29.0,0.0,0.0,33.3344,0.0,0.0,0.0,26.2454,35.7,45.5
TLX AWD,Acura,2023,ICE,4.0,2.0,Automatic (S10),46124,4250.0,24.0,0.0,0.0,29.2741,0.0,0.0,0.0,20.9627,26.600000000000005,41.8
TLX FWD,Acura,2023,ICE,4.0,2.0,Automatic (S10),46125,4250.0,25.0,0.0,0.0,30.7269,0.0,0.0,0.0,21.966799999999996,28.0,44.1
TLX AWD A-SPEC,Acura,2023,ICE,4.0,2.0,Automatic (S10),46126,4250.0,24.0,0.0,0.0,29.019899999999996,0.0,0.0,0.0,20.8906,26.5,41.4
TLX FWD A-SPEC,Acura,2023,ICE,4.0,2.0,Automatic (S10),46127,4250.0,25.0,0.0,0.0,30.034000000000002,0.0,0.0,0.0,21.752400000000005,27.7,43.0
TLX Type-S,Acura,2023,ICE,6.0,3.0,Automatic (S10),46128,4250.0,21.0,0.0,0.0,25.0,0.0,0.0,0.0,19.0,24.8,37.1
TLX Type-S Perf Tire,Acura,2023,ICE,6.0,3.0,Automatic (S10),46129,4250.0,21.0,0.0,0.0,24.0,0.0,0.0,0.0,19.0736,24.0,35.2
LS 500h AWD,Lexus,2023,HEV,6.0,3.5,Automatic (AV-S10),46134,5250.0,25.0,0.0,0.0,28.554199999999998,0.0,0.0,0.0,22.0,29.2,39.0
LS 500,Lexus,2023,ICE,6.0,3.4,Automatic (S10),46135,5250.0,22.0,0.0,0.0,28.766000000000002,0.0,0.0,0.0,18.4127,23.1006,41.0012
LS 500 AWD,Lexus,2023,ICE,6.0,3.4,Automatic (S10),46136,5250.0,21.0,0.0,0.0,27.0,0.0,0.0,0.0,17.0,22.100000000000005,39.3533
Civic 5Dr,Honda,2023,ICE,4.0,1.5,Automatic (variable gear ratios),46137,3367.5925925925926,35.0,0.0,0.0,39.4957,0.0,0.0,0.0,31.0,42.1,58.5
Civic 5Dr,Honda,2023,ICE,4.0,1.5,Automatic (AV-S7),46138,3367.5925925925926,33.0,0.0,0.0,37.3549,0.0,0.0,0.0,30.3497,40.2,54.9
Civic 5Dr,Honda,2023,ICE,4.0,1.5,Manual 6-spd,46139,3367.5925925925926,31.0,0.0,0.0,37.3549,0.0,0.0,0.0,27.6717,36.2,54.9
Civic 5Dr,Honda,2023,ICE,4.0,2.0,Automatic (AV-S7),46140,3367.5925925925926,32.0,0.0,0.0,36.6941,0.0,0.0,0.0,28.7509,37.8,53.79999999999999
Civic 5Dr,Honda,2023,ICE,4.0,2.0,Manual 6-spd,46141,3367.5925925925926,29.0,0.0,0.0,35.909,0.0,0.0,0.0,26.1013,33.9,52.5
NX 250,Lexus,2023,ICE,4.0,2.5,Automatic (S8),46143,4500.0,28.0,0.0,0.0,32.7237,0.0,0.0,0.0,25.5497,33.1,47.29999999999999
Outlander Sport 2WD,Mitsubishi,2023,ICE,4.0,2.0,Automatic (AV-S6),46144,4071.4285714285716,27.0,0.0,0.0,30.0017,0.0,0.0,0.0,24.204199999999997,31.1652,42.949
Highlander Hybrid,Toyota,2023,HEV,4.0,2.5,Automatic (AV-S6),46145,4750.0,36.0,0.0,0.0,35.4023,0.0,0.0,0.0,36.2409,49.3,48.2
Highlander,Toyota,2023,ICE,4.0,2.4,Automatic (S8),46146,4750.0,24.0,0.0,0.0,28.3824,0.0,0.0,0.0,20.9627,26.6,40.4
NX 250 AWD,Lexus,2023,ICE,4.0,2.5,Automatic (S8),46148,4500.0,28.0,0.0,0.0,31.9782,0.0,0.0,0.0,25.0,33.1,46.1
NX 350h AWD,Lexus,2023,HEV,4.0,2.5,Automatic (AV-S6),46149,4500.0,39.0,0.0,0.0,37.4192,0.0,0.0,0.0,41.3984,56.2446,51.6969
NX 350 AWD,Lexus,2023,ICE,4.0,2.4,Automatic (S8),46150,4500.0,25.0,0.0,0.0,29.062699999999996,0.0,0.0,0.0,22.0,29.095,41.4673
Outlander Sport 4WD,Mitsubishi,2023,ICE,4.0,2.0,Automatic (AV-S6),46153,4071.4285714285716,26.0,0.0,0.0,29.2848,0.0,0.0,0.0,23.4813,30.1356,41.8169
Outlander Sport 4WD,Mitsubishi,2023,ICE,4.0,2.4,Automatic (AV-S6),46154,4071.4285714285716,25.0,0.0,0.0,28.4441,0.0,0.0,0.0,23.0548,29.531199999999995,40.496500000000005
Highlander AWD,Toyota,2023,ICE,4.0,2.4,Automatic (S8),46155,4750.0,24.0,0.0,0.0,27.6779,0.0,0.0,0.0,21.2505,27.0,39.3
Alpina XB7,BMW,2023,HEV,8.0,4.4,Automatic (S8),46156,5500.0,17.0,0.0,0.0,20.2334,0.0,0.0,0.0,15.5008,19.2,28.0
Highlander Hybrid AWD LTD/PLAT,Toyota,2023,HEV,4.0,2.5,Automatic (AV-S6),46157,4750.0,35.0,0.0,0.0,34.0,0.0,0.0,0.0,35.4652,48.2,47.0
Highlander Hybrid AWD,Toyota,2023,HEV,4.0,2.5,Automatic (AV-S6),46158,4750.0,35.0,0.0,0.0,34.7889,0.0,0.0,0.0,35.1424,47.6,46.4
F150 Pickup 2WD,Ford,2023,ICE,6.0,2.7,Automatic (S10),46159,5693.640350877193,21.0,0.0,0.0,24.7248,0.0,0.0,0.0,18.1521,22.7475,34.7477
F150 Pickup 2WD,Ford,2023,ICE,6.0,3.5,Automatic (S10),46161,5693.640350877193,21.0,0.0,0.0,24.2339,0.0,0.0,0.0,18.2647,22.9,34.0
F150 Pickup 2WD FFV,Ford,2023,FCV,6.0,3.3,Automatic (S10),46162,5693.640350877193,20.0,0.0,0.0,23.0,0.0,0.0,0.0,18.7801,23.6,35.3
F150 Pickup 2WD FFV,Ford,2023,FCV,8.0,5.0,Automatic (S10),46164,5693.640350877193,20.0,0.0,0.0,24.779,0.0,0.0,0.0,16.7414,20.8497,34.8304
F150 Pickup 2WD HEV,Ford,2023,HEV,6.0,3.5,Automatic (S10),46166,5693.640350877193,25.0,0.0,0.0,25.1517,0.0,0.0,0.0,25.1342,32.5,35.4
Ranger 2WD,Ford,2023,ICE,4.0,2.3,Automatic (S10),46167,4795.833333333333,22.0,0.0,0.0,26.3879,0.0,0.0,0.0,19.8039,25.0,37.3
F150 Pickup 4WD,Ford,2023,ICE,6.0,2.7,Automatic (S10),46169,5693.640350877193,20.0,0.0,0.0,23.1183,0.0,0.0,0.0,17.4548,21.8064,32.3102
F150 Pickup 4WD,Ford,2023,ICE,6.0,3.5,Automatic (S10),46171,5693.640350877193,19.0,0.0,0.0,22.7035,0.0,0.0,0.0,16.6478,20.7246,31.6852
F150 Pickup 4WD FFV,Ford,2023,FCV,6.0,3.3,Automatic (S10),46173,5693.640350877193,20.0,0.0,0.0,22.0,0.0,0.0,0.0,18.6613,23.4384,33.1808
F150 Pickup 4WD FFV,Ford,2023,FCV,8.0,5.0,Automatic (S10),46174,5693.640350877193,18.0,0.0,0.0,22.0,0.0,0.0,0.0,15.887,19.7117,31.6824
F150 Pickup 4WD HEV,Ford,2023,HEV,6.0,3.5,Automatic (S10),46176,5693.640350877193,23.0,0.0,0.0,23.2899,0.0,0.0,0.0,23.2221,29.768,32.5693
F150 Pickup Tremor 4WD,Ford,2023,ICE,6.0,3.5,Automatic (S10),46177,5693.640350877193,18.0,0.0,0.0,20.2559,0.0,0.0,0.0,16.1041,20.0,28.0332
F150 Pickup Tremor 4WD FFV,Ford,2023,FCV,8.0,5.0,Automatic (S10),46179,5693.640350877193,17.0,0.0,0.0,19.8021,0.0,0.0,0.0,15.499,19.1976,27.362900000000003
F150 RAPTOR 37 4WD,Ford,2023,ICE,6.0,3.5,Automatic (S10),46181,5693.640350877193,15.0,0.0,0.0,15.8851,0.0,0.0,0.0,14.208099999999998,17.5,24.2
F150 RAPTOR 4WD,Ford,2023,ICE,6.0,3.5,Automatic (S10),46183,5693.640350877193,15.0,0.0,0.0,17.7796,0.0,0.0,0.0,14.0,18.0,24.4
F150 RAPTOR R 4WD,Ford,2023,ICE,8.0,5.2,Automatic (S10),46185,5693.640350877193,12.0,0.0,0.0,14.7942,0.0,0.0,0.0,10.32,12.5,20.1
Ranger 4WD,Ford,2023,ICE,4.0,2.3,Automatic (S10),46186,4795.833333333333,21.0,0.0,0.0,24.365400000000005,0.0,0.0,0.0,19.0736,24.0,34.2
Ranger Tremor 4WD,Ford,2023,ICE,4.0,2.3,Automatic (S10),46188,4795.833333333333,19.0,0.0,0.0,19.0679,0.0,0.0,0.0,18.927,23.8,30.7
Bronco 4WD,Ford,2023,ICE,4.0,2.3,Automatic (S10),46189,5665.178571428572,20.0,0.0,0.0,21.2292,0.0,0.0,0.0,19.5253,24.6177,33.5183
Bronco 4WD,Ford,2023,ICE,4.0,2.3,Manual 7-spd,46190,5665.178571428572,20.0,0.0,0.0,20.8482,0.0,0.0,0.0,19.7106,24.8719,32.111
Bronco 4WD,Ford,2023,ICE,6.0,2.7,Automatic (S10),46191,5665.178571428572,20.0,0.0,0.0,20.5453,0.0,0.0,0.0,18.8864,23.7447,32.5986
Bronco Badlands 4WD,Ford,2023,ICE,4.0,2.3,Automatic (S10),46192,5665.178571428572,17.0,0.0,0.0,17.0901,0.0,0.0,0.0,17.0,22.0029,26.9848
Bronco Badlands 4WD,Ford,2023,ICE,4.0,2.3,Manual 7-spd,46193,5665.178571428572,17.0,0.0,0.0,17.0,0.0,0.0,0.0,16.1265,20.0298,27.4159
Bronco Badlands 4WD,Ford,2023,ICE,6.0,2.7,Automatic (S10),46194,5665.178571428572,17.0,0.0,0.0,16.799,0.0,0.0,0.0,16.7617,20.8768,26.0006
Bronco Black Diamond 4WD,Ford,2023,ICE,4.0,2.3,Automatic (S10),46195,5665.178571428572,18.0,0.0,0.0,18.0,0.0,0.0,0.0,18.0,24.5,33.4
Bronco Black Diamond 4WD,Ford,2023,ICE,4.0,2.3,Manual 7-spd,46196,5665.178571428572,17.0,0.0,0.0,18.0,0.0,0.0,0.0,16.0,24.5,31.8
Bronco Black Diamond 4WD,Ford,2023,ICE,6.0,2.7,Automatic (S10),46197,5665.178571428572,18.0,0.0,0.0,18.0,0.0,0.0,0.0,18.0,23.4738,32.1538
Bronco Sasquatch 4WD,Ford,2023,ICE,4.0,2.3,Automatic (S10),46198,5665.178571428572,18.0,0.0,0.0,17.0,0.0,0.0,0.0,18.0,23.4707,30.8137
Bronco Sasquatch 4WD,Ford,2023,ICE,4.0,2.3,Manual 7-spd,46199,5665.178571428572,17.0,0.0,0.0,18.0,0.0,0.0,0.0,16.0,24.5,31.8
Bronco Sasquatch 4WD,Ford,2023,ICE,6.0,2.7,Automatic (S10),46200,5665.178571428572,17.0,0.0,0.0,16.7367,0.0,0.0,0.0,16.7057,20.802,25.8765
Aviator RWD,Lincoln,2023,ICE,6.0,3.0,Automatic (S10),46201,5687.5,21.0,0.0,0.0,26.1934,0.0,0.0,0.0,18.1909,22.8,37.0
Bronco Raptor 4WD,Ford,2023,ICE,6.0,3.0,Automatic (S10),46202,5665.178571428572,15.0,0.0,0.0,15.8555,0.0,0.0,0.0,14.9703,18.5,24.0
Aviator AWD,Lincoln,2023,ICE,6.0,3.0,Automatic (S10),46203,5687.5,20.0,0.0,0.0,24.3654,0.0,0.0,0.0,17.1523,21.4,34.2
GR Corolla,Toyota,2023,ICE,3.0,1.6,Manual 6-spd,46218,3442.1428571428573,24.0,0.0,0.0,28.3153,0.0,0.0,0.0,21.1723,26.891200000000005,40.295
Wagoneer 2WD,Jeep,2023,ICE,6.0,3.0,Automatic 8-spd,46236,6250.0,20.0,0.0,0.0,23.9706,0.0,0.0,0.0,17.0777,21.3,33.6
Wagoneer L 2WD,Jeep,2023,ICE,6.0,3.0,Automatic 8-spd,46237,6250.0,20.0,0.0,0.0,23.9706,0.0,0.0,0.0,17.0777,21.3,33.6
Armada 2WD,Nissan,2023,ICE,8.0,5.6,Automatic (S7),46238,6500.0,16.0,0.0,0.0,19.0,0.0,0.0,0.0,14.1316,17.4,28.7
Durango SRT AWD,Dodge,2023,ICE,8.0,6.2,Automatic 8-spd,46239,5500.0,13.0,0.0,0.0,17.0907,0.0,0.0,0.0,11.5002,14.0,23.4
Durango SRT AWD,Dodge,2023,ICE,8.0,6.4,Automatic 8-spd,46240,5500.0,15.0,0.0,0.0,19.2495,0.0,0.0,0.0,12.8619,15.7498,26.5492
Wagoneer 4WD,Jeep,2023,ICE,6.0,3.0,Automatic 8-spd,46241,6250.0,19.0,0.0,0.0,23.3102,0.0,0.0,0.0,16.1793,20.1,32.6
Wagoneer L 4WD,Jeep,2023,ICE,6.0,3.0,Automatic 8-spd,46242,6250.0,19.0,0.0,0.0,22.5138,0.0,0.0,0.0,16.3295,20.3,31.4
X5 xDrive45e,BMW,2023,PHEV,6.0,3.0,Automatic (S8),46248,5500.0,20.0,0.598,63.0,22.0961,31.43,0.0,0.0,19.2381,24.3,31.9
Tucson Plug-in Hybrid,Hyundai,2023,PHEV,4.0,1.6,Automatic (AM-S6),46251,4105.555555555556,35.0,0.616,42.0,35.3739,29.72,0.0,0.0,34.7293,47.9,45.9
Wrangler 4dr 4xe,Jeep,2023,PHEV,4.0,2.0,Automatic 8-spd,46252,4850.0,20.0,0.487,68.0,19.8362,21.0,0.0,0.0,20.3076,27.6,29.8
NX 450h Plus AWD,Lexus,2023,PHEV,4.0,2.5,Automatic (AV-S6),46254,4500.0,36.0,0.657,40.0,33.2748,33.1,0.0,0.0,37.5894,49.6499,47.5499
Aviator PHEV AWD,Lincoln,2023,PHEV,6.0,3.0,Automatic (S10),46255,5687.5,23.0,0.471,60.0,24.6279,21.59,0.0,0.0,21.5376,27.4,34.6
Panamera 4 e-Hybrid,Porsche,2023,PHEV,6.0,2.9,Automatic (AM-S8),46256,5147.727272727273,22.0,0.434,64.0,23.5681,18.91,0.0,0.0,20.6091,26.1,33.0
Panamera 4S E-Hybrid,Porsche,2023,PHEV,6.0,2.9,Automatic (AM-S8),46257,5147.727272727273,22.0,0.434,66.0,23.3649,18.89,0.0,0.0,20.6304,26.1,32.7
Panamera Turbo S e-Hybrid,Porsche,2023,PHEV,8.0,4.0,Automatic (AM-S8),46258,5147.727272727273,19.0,0.411,70.0,21.6794,17.58,0.0,0.0,17.8416,22.3,30.1
Cayenne Turbo S e-Hybrid,Porsche,2023,PHEV,8.0,4.0,Automatic (S8),46259,5468.75,18.0,0.366,82.0,19.5061,14.6,0.0,0.0,17.0142,21.2,26.9
Cayenne Turbo S e-Hybrid Coupe,Porsche,2023,PHEV,8.0,4.0,Automatic (S8),46260,5468.75,18.0,0.366,82.0,19.5061,14.6,0.0,0.0,17.0142,21.2,26.9
S90 T8 AWD Recharge ext. Range,Volvo,2023,PHEV,4.0,2.0,Automatic (S8),46261,4750.0,30.0,0.66,48.0,33.4653,38.22,0.0,0.0,28.0777,36.8,48.5
Mustang,Ford,2023,ICE,4.0,2.3,Manual 6-spd,46335,5000.0,24.0,0.0,0.0,29.4808,0.0,0.0,0.0,20.7765,26.3418,42.1258
Mustang,Ford,2023,ICE,8.0,5.0,Manual 6-spd,46336,5000.0,18.0,0.0,0.0,23.8439,0.0,0.0,0.0,14.7053,18.1516,31.5043
Mustang,Ford,2023,ICE,4.0,2.3,Automatic 10-spd,46337,5000.0,25.0,0.0,0.0,32.2893,0.0,0.0,0.0,21.6093,27.5,46.6
Mustang Mach 1,Ford,2023,ICE,8.0,5.0,Manual 6-spd,46338,5000.0,17.0,0.0,0.0,22.4473,0.0,0.0,0.0,14.1316,17.4,31.3
Mustang Mach 1,Ford,2023,ICE,8.0,5.0,Automatic (S10),46339,5000.0,18.0,0.0,0.0,23.0,0.0,0.0,0.0,15.4625,19.1494,34.2463
Mustang,Ford,2023,ICE,8.0,5.0,Automatic (S10),46340,5000.0,19.0,0.0,0.0,24.3958,0.0,0.0,0.0,15.4625,19.1494,34.2463
Mustang Convertible,Ford,2023,ICE,8.0,5.0,Automatic (S10),46341,5000.0,18.0,0.0,0.0,23.1611,0.0,0.0,0.0,15.0449,18.5983,32.3747
Mustang HO Coupe,Ford,2023,ICE,4.0,2.3,Automatic (S10),46342,5000.0,23.0,0.0,0.0,27.0,0.0,0.0,0.0,20.0,26.667,44.0964
Mustang,Ford,2023,ICE,4.0,2.3,Automatic (S10),46343,5000.0,24.0,0.0,0.0,30.7247,0.0,0.0,0.0,21.011,26.667,44.0964
Mustang Convertible,Ford,2023,ICE,4.0,2.3,Automatic (S10),46344,5000.0,23.0,0.0,0.0,27.9847,0.0,0.0,0.0,19.7861,24.9755,39.7783
Mustang Convertible,Ford,2023,ICE,4.0,2.3,Automatic 10-spd,46345,5000.0,23.0,0.0,0.0,28.3839,0.0,0.0,0.0,19.9266,25.1686,40.4023
Mustang Convertible,Ford,2023,ICE,4.0,2.3,Manual 6-spd,46346,5000.0,23.0,0.0,0.0,27.0,0.0,0.0,0.0,20.0,26.3418,42.1258
Mustang HO Coupe,Ford,2023,ICE,4.0,2.3,Manual 6-spd,46347,5000.0,22.0,0.0,0.0,26.9476,0.0,0.0,0.0,19.7435,24.917,38.1655
Mustang HO Convertible,Ford,2023,ICE,4.0,2.3,Manual 6-spd,46348,5000.0,21.0,0.0,0.0,25.0,0.0,0.0,0.0,19.0736,24.0,36.1
Mustang HO Convertible,Ford,2023,ICE,4.0,2.3,Automatic (S10),46349,5000.0,22.0,0.0,0.0,26.0,0.0,0.0,0.0,19.0,26.667,44.0964
RC F,Lexus,2023,ICE,8.0,5.0,Automatic (S8),46350,4125.0,19.0,0.0,0.0,24.4289,0.0,0.0,0.0,16.3887,20.4,33.3
Tucson FWD,Hyundai,2023,ICE,4.0,2.5,Automatic (S8),46375,4105.555555555556,28.0,0.0,0.0,31.8471,0.0,0.0,0.0,24.9271,32.2017,45.8896
Bronco Sport 4WD,Ford,2023,ICE,3.0,1.5,Automatic 8-spd,46385,5665.178571428572,26.0,0.0,0.0,28.0,0.0,0.0,0.0,25.3012,32.7408,43.3816
Bronco Sport 4WD,Ford,2023,ICE,4.0,2.0,Automatic (S8),46386,5665.178571428572,23.0,0.0,0.0,26.0,0.0,0.0,0.0,21.1067,26.8,39.2
Armada 4WD,Nissan,2023,ICE,8.0,5.6,Automatic (S7),46427,6500.0,15.0,0.0,0.0,18.0,0.0,0.0,0.0,13.0,17.2,27.0
