,Unnamed: 0,VehicleID_x,Year_x,MFRCode,Make,Model,Range,RangeHwy,atvType,UHighway,UCity,city08U,highway08U,VehicleID_y,Year_y,CurbWeight,embodied_emissions,usage_emissions,total_emissions
0,0,45105,2023,JLX,land rover,defender 110,0,0.0,ICE,29.4554,20.6902,16.6221,20.1674,236,2023.0,5635.0,8940697.137844313,29421786.163,38362483.30084431
1,1,45109,2023,JLX,land rover,defender 110,0,0.0,ICE,25.5562,17.6252,14.2845,18.6021,236,2023.0,5635.0,8940697.137844313,26391472.956,35332170.09384431
2,2,45158,2023,JLX,land rover,discovery sport,0,0.0,ICE,34.2146,23.2538,18.5255,23.409,238,2023.0,4345.0,7052856.621816067,33603139.485,40655996.10681607
3,3,45203,2023,HNX,honda,odyssey,0,0.0,ICE,39.4719,24.4983,19.4381,27.7882,167,2023.0,4592.0,7414326.860156359,38069363.65100001,45483690.511156365
4,4,45240,2023,BMX,mini,cooper countryman all4,0,0.0,ICE,44.5918,29.796,23.2419,31.0357,308,2023.0,3643.0,6025520.154954185,43610633.85800001,49636154.0129542
5,5,45242,2023,BMX,mini,jcw countryman all4,0,0.0,ICE,43.3,30.2,23.5267,30.2233,309,2023.0,3821.786516853933,6287163.8993235035,43105812.686000004,49392976.585323505
6,6,45252,2023,MTX,mitsubishi,eclipse cross 4wd,0,0.0,ICE,39.8092,31.6654,24.5536,26.383,253,2023.0,3525.4054054054054,5853427.255619617,40491787.634,46345214.88961962
7,7,45262,2023,BMX,mini,john cooper works convertible,0,0.0,ICE,46.9684,31.1554,24.1973,32.5181,310,2023.0,3144.0,5295262.466971166,45583358.90800001,50878621.37497117
8,8,45266,2023,BMX,bmw,840i xdrive convertible,0,0.0,ICE,40.8062,26.2538,20.713,28.6417,39,2023.0,4266.0,6937244.683237593,39721890.197000004,46659134.880237594
9,9,45288,2023,FJX,subaru,brz,0,0.0,ICE,37.9587,24.7457,19.6187,26.8141,383,2023.0,2868.0,4891352.403076751,37349368.514,42240720.91707675
10,10,45289,2023,FJX,subaru,brz,0,0.0,ICE,43.6278,27.0287,21.2711,30.4299,383,2023.0,2868.0,4891352.403076751,41677830.648,46569183.051076755
11,11,45293,2023,GMX,chevrolet,corvette,0,0.0,ICE,34.4882,19.1153,15.6411,24.0,69,2023.0,3693.0,6098692.267978535,32061823.779,38160516.04697853
12,12,45294,2023,HYX,hyundai,elantra,0,0.0,ICE,59.2671,38.3118,30.2833,39.723,155,2023.0,2901.333333333333,4940133.811759651,56199708.867000006,61139842.67875966
13,13,45295,2023,HYX,hyundai,elantra,0,0.0,ICE,63.3584,44.02,32.8462,42.3327,155,2023.0,2901.333333333333,4940133.811759651,60300632.35500001,65240766.16675966
14,14,45296,2023,HYX,hyundai,elantra,0,0.0,ICE,51.9,35.6,28.0454,35.5409,155,2023.0,2901.333333333333,4940133.811759651,50960426.785000004,55900560.596759655
15,15,45297,2023,HYX,hyundai,elantra hybrid,0,0.0,HEV,67.4,68.3,49.2526,52.0663,156,2023.0,3069.0,4700644.695087766,80477573.867,85178218.56208776
16,16,45302,2023,KMX,kia,soul,0,0.0,ICE,48.4813,35.9919,27.5306,33.4537,214,2023.0,2912.0,4955743.862538178,48774832.781,53730576.643538184
17,17,45304,2023,KMX,kia,carnival,0,0.0,ICE,36.9558,24.4628,19.4122,26.1648,195,2023.0,4727.0,7611891.565322106,36636415.146000005,44248306.711322114
18,18,45310,2023,GMX,buick,encore gx awd,0,0.0,ICE,44.6,34.1,26.2388,28.5501,53,2023.0,3258.0,5462094.884666685,43581365.76300001,49043460.64766669
19,19,45313,2023,HYX,hyundai,santa fe hybrid,0,0.0,HEV,42.5,44.0,33.2328,29.8515,158,2023.0,4227.0,6212362.830282172,49701241.25700001,55913604.08728218
20,20,45320,2023,ASX,aston martin,db11 v8,0,0.0,ICE,33.8295,22.7207,18.1323,24.1217,19,2023.0,3891.0,6388453.835554964,33943813.774000004,40332267.60955497
21,21,45329,2023,HYX,genesis,gv60 performance,235,213.3,EV,119.5,141.6,97.0,82.0,139,2023.0,4872.0,7441731.338295241,29827624.6430067,37269355.98130194
22,22,45338,2023,HNX,acura,integra a-spec,0,0.0,ICE,52.7869,38.1938,29.0149,36.0827,3,2023.0,3146.5,5298921.072622383,52123649.39800001,57422570.47062239
23,23,45339,2023,HNX,acura,integra a-spec,0,0.0,ICE,53.388,35.4924,26.0,36.4458,3,2023.0,3146.5,5298921.072622383,50290729.998,55589651.070622385
24,24,45343,2023,GMX,chevrolet,camaro,0,0.0,ICE,36.8682,20.2568,16.2971,26.1079,68,2023.0,3940.912234042553,6461497.508168153,34366113.96800001,40827611.47616816
25,25,45344,2023,GMX,chevrolet,camaro,0,0.0,ICE,40.1825,23.2702,18.5376,28.2434,68,2023.0,3940.912234042553,6461497.508168153,37824026.518,44285524.02616815
26,26,45345,2023,GMX,chevrolet,camaro,0,0.0,ICE,43.8,27.4,21.5376,30.0,68,2023.0,3940.912234042553,6461497.508168153,41493239.664000005,47954737.17216816
27,27,45346,2023,GMX,chevrolet,camaro,0,0.0,ICE,27.1235,16.9092,13.7554,19.6398,68,2023.0,3940.912234042553,6461497.508168153,26918441.24400001,33379938.752168164
28,28,45347,2023,GMX,chevrolet,camaro,0,0.0,ICE,27.0108,15.3054,12.8476,20.9721,68,2023.0,3940.912234042553,6461497.508168153,27432126.015,33893623.523168154
29,29,45348,2023,GMX,chevrolet,camaro,0,0.0,ICE,33.4,19.6,15.8028,23.8388,68,2023.0,3940.912234042553,6461497.508168153,32036642.919999998,38498140.42816815
30,30,45403,2023,GMX,chevrolet,camaro,0,0.0,ICE,40.9857,22.9849,18.3273,28.7561,68,2023.0,3940.912234042553,6461497.508168153,38120826.38800001,44582323.896168165
31,31,45975,2023,GMX,chevrolet,camaro,0,0.0,ICE,36.7214,19.6253,16.2107,26.0,68,2023.0,3940.912234042553,6461497.508168153,34210505.923,40672003.431168154
32,32,45356,2023,KMX,kia,k5,0,0.0,ICE,54.3744,34.8175,26.7305,37.0396,210,2023.0,3515.0,5838199.545611847,51328880.021000005,57167079.566611856
33,33,45358,2023,KMX,kia,k5,0,0.0,ICE,46.0738,29.6835,23.7569,32.1794,210,2023.0,3515.0,5838199.545611847,44974289.45500001,50812489.00061186
34,34,45362,2023,HNX,honda,hr-v awd,0,0.0,ICE,43.2328,32.3557,25.0341,30.1809,151,2023.0,3343.0,5586487.476808081,44143479.528000005,49729967.00480808
35,35,45377,2023,GMX,cadillac,xt5 awd,0,0.0,ICE,35.7267,22.7909,18.1842,25.365,65,2023.0,5350.0,8523616.093605515,35064112.488,43587728.58160551
36,36,45380,2023,GMX,cadillac,xt5 awd,0,0.0,ICE,39.304,27.6381,21.0,27.0,65,2023.0,5350.0,8523616.093605515,38496060.00000001,47019676.09360552
37,37,45378,2023,GMX,cadillac,xt6 awd,0,0.0,ICE,34.9,22.5,17.9691,24.8246,66,2023.0,4565.0,7374813.919123211,34439913.925000004,41814727.844123214
38,38,45381,2023,GMX,cadillac,xt6 awd,0,0.0,ICE,39.304,27.6381,21.0,26.0,66,2023.0,4565.0,7374813.919123211,37624750.0,44999563.91912321
39,39,45388,2023,GMX,chevrolet,traverse awd,0,0.0,ICE,35.0939,21.9953,17.0,24.9515,76,2023.0,4655.0,7506523.7225670405,33859621.465,41366145.18756704
40,40,45394,2023,MAX,maserati,levante trofeo,0,0.0,ICE,26.36,16.57,13.4955,19.5576,262,2023.0,5070.0,8113852.260669151,26661539.451000005,34775391.711669154
41,41,45402,2023,VGA,audi,a3 quattro,0,0.0,HEV,49.2,33.8,26.9361,34.694,22,2023.0,3505.0,5269823.543917439,49431705.469000004,54701529.012917444
42,42,45408,2023,FJX,subaru,outback awd,0,0.0,ICE,46.2435,33.2409,25.6471,32.0676,386,2023.0,3777.0,6221621.417859444,46224381.675000004,52446003.09285945
43,43,45409,2023,FJX,subaru,outback awd,0,0.0,ICE,41.4,28.2,22.1096,29.0199,386,2023.0,3777.0,6221621.417859444,41047041.81300001,47268663.23085945
44,44,45410,2023,FJX,subaru,outback wilderness awd,0,0.0,ICE,37.1,27.2,21.3942,26.2583,387,2023.0,3944.0,6466016.275360775,38130830.610999994,44596846.88636077
45,45,45418,2023,HYX,hyundai,sonata,0,0.0,ICE,53.6804,34.9769,26.8394,36.6221,162,2023.0,3316.0,5546974.535774931,51042741.81700001,56589716.35277494
46,46,45418,2023,HYX,hyundai,sonata,0,0.0,ICE,53.6804,34.9769,26.8394,36.6221,177,2023.0,3418.548780487805,5697048.754902191,51042741.81700001,56739790.5719022
47,47,45419,2023,HYX,hyundai,sonata,0,0.0,ICE,54.0,35.0,26.8552,36.8145,162,2023.0,3316.0,5546974.535774931,51221645.523,56768620.05877493
48,48,45419,2023,HYX,hyundai,sonata,0,0.0,ICE,54.0,35.0,26.8552,36.8145,177,2023.0,3418.548780487805,5697048.754902191,51221645.523,56918694.27790219
49,49,45420,2023,HYX,hyundai,sonata,0,0.0,ICE,56.1,36.7,28.0101,38.0722,162,2023.0,3316.0,5546974.535774931,53140808.77100001,58687783.306774944
50,50,45420,2023,HYX,hyundai,sonata,0,0.0,ICE,56.1,36.7,28.0101,38.0722,177,2023.0,3418.548780487805,5697048.754902191,53140808.77100001,58837857.525902204
51,51,45439,2023,HYX,hyundai,sonata,0,0.0,ICE,44.6338,28.9354,23.3028,32.5707,162,2023.0,3316.0,5546974.535774931,44991509.70900001,50538484.24477494
52,52,45439,2023,HYX,hyundai,sonata,0,0.0,ICE,44.6338,28.9354,23.3028,32.5707,177,2023.0,3418.548780487805,5697048.754902191,44991509.70900001,50688558.4639022
53,53,45422,2023,VGA,volkswagen,taos 4motion,0,0.0,ICE,45.8,32.1,24.8563,31.7913,431,2023.0,3510.0,5830882.334309412,45419885.309999995,51250767.64430941
54,54,45424,2023,ASX,aston martin,dbs,0,0.0,ICE,30.6398,17.7156,14.3728,22.0071,20,2023.0,4134.0,6744070.304853307,29421231.693000007,36165301.99785332
55,55,45428,2023,VGA,audi,s3,0,0.0,ICE,44.1,29.1,23.0354,32.2208,33,2023.0,3660.0,6050398.673382464,44496011.554000005,50546410.227382466
56,56,45446,2023,HNX,acura,mdx awd,0,0.0,ICE,36.0,23.4,18.6331,25.0,4,2023.0,4565.0,7374813.919123211,35066100.659,42440914.57812321
57,57,45447,2023,CRX,alfa romeo,stelvio awd,0,0.0,ICE,40.5499,27.8499,21.8596,28.4782,17,2023.0,4217.0,6865536.012473729,40396830.686000004,47262366.69847374
58,58,45448,2023,CRX,alfa romeo,stelvio awd,0,0.0,ICE,31.8,21.1,16.9285,22.7798,17,2023.0,4217.0,6865536.012473729,31916425.903,38781961.91547373
59,59,45453,2023,JLX,land rover,range rover velar,0,0.0,ICE,36.904,25.842,20.3848,26.1286,240,2023.0,4380.0,7104077.100933112,37298230.537999995,44402307.63893311
60,60,45456,2023,HNX,acura,mdx awd type-s,0,0.0,ICE,32.1,22.7,17.0,21.4883,5,2023.0,4776.0,7683600.23608597,30842100.673,38525700.909085974
61,61,45465,2023,FEX,ferrari,f8 spider,0,0.0,ICE,24.9197,17.9004,14.5139,18.1364,92,2023.0,3626.0,6000641.636525905,26149240.855000004,32149882.49152591
62,62,45466,2023,FEX,ferrari,812 gts,0,0.0,ICE,20.6973,14.6801,12.0313,15.2125,90,2023.0,4045.0,6613823.943669964,21831796.832,28445620.775669962
63,63,45467,2023,FEX,ferrari,812 competizione,0,0.0,ICE,21.3415,14.8905,12.1952,15.6623,88,2023.0,3715.0,6130887.99770925,22340554.741000004,28471442.738709256
64,64,45468,2023,FEX,ferrari,812 competizione a,0,0.0,ICE,21.9115,14.811,12.1333,16.0512,89,2023.0,3869.0,6356258.105824249,22635279.309000004,28991537.414824255
65,65,45469,2023,FEX,ferrari,portofino m,0,0.0,ICE,31.9429,20.293,16.3243,22.8747,94,2023.0,3759.0,6195279.457170678,31568385.084000006,37763664.54117069
66,66,45478,2023,BMX,bmw,m240i xdrive coupe,0,0.0,ICE,46.0932,29.0242,22.6958,31.974,41,2023.0,3871.0,6359184.990345224,44038874.80200001,50398059.79234523
67,67,45488,2023,BMX,bmw,m4 competition m xdrive convertible,0,0.0,ICE,31.7126,19.3569,15.6194,22.7217,42,2023.0,4326.0,7025051.218866814,30932558.493,37957609.71186681
68,68,45489,2023,FEX,ferrari,roma,0,0.0,ICE,30.9245,20.6242,16.5726,22.197,95,2023.0,3549.0,5887956.582468405,31154908.884000007,37042865.46646841
69,69,45504,2023,GMX,cadillac,ct4 v awd,0,0.0,ICE,40.6,26.0,20.0,28.0,59,2023.0,3793.0,6245036.4940272365,38654480.0,44899516.494027235
70,70,45509,2023,MTX,mitsubishi,mirage g4,0,0.0,ICE,60.402,44.4601,33.1301,40.0,254,2023.0,2203.3513513513512,3918677.482268734,58470516.98900001,62389194.47126874
71,71,45510,2023,MTX,mitsubishi,mirage g4,0,0.0,ICE,61.6732,47.0504,34.7856,41.3554,254,2023.0,2203.3513513513512,3918677.482268734,60831679.95800001,64750357.44026875
72,72,45524,2023,GMX,cadillac,ct5 awd,0,0.0,ICE,43.5892,27.4361,21.5635,30.4056,60,2023.0,3998.0,6545042.157427074,41865106.851,48410149.008427076
73,73,45528,2023,GMX,cadillac,ct5 awd,0,0.0,ICE,36.6,23.2,18.4859,25.9337,60,2023.0,3998.0,6545042.157427074,35774705.39800001,42319747.55542708
74,74,45527,2023,GMX,cadillac,ct5 v,0,0.0,ICE,38.3,23.9,18.0,27.0344,61,2023.0,4266.0,6937244.683237593,36387363.06400001,43324607.7472376
75,75,45529,2023,GMX,cadillac,ct5 v,0,0.0,ICE,26.3,15.3,12.8021,21.0982,61,2023.0,4266.0,6937244.683237593,27509561.711000003,34446806.39423759
76,76,45662,2023,GMX,cadillac,ct5 v,0,0.0,ICE,28.6,15.7,13.1126,21.3321,61,2023.0,4266.0,6937244.683237593,27934713.465000007,34871958.1482376
77,77,45531,2023,HYX,hyundai,sonata hybrid,0,0.0,HEV,67.3,58.5,44.6244,50.8517,160,2023.0,3405.0,5139277.936387698,76119883.24300002,81259161.17938772
78,78,45536,2023,HYX,hyundai,kona n,0,0.0,ICE,35.8531,24.1154,20.0067,26.9266,173,2023.0,3340.0,5582097.150026619,37723992.20900001,43306089.359026626
79,79,45541,2023,VGA,audi,sq5,0,0.0,ICE,34.1,23.6,18.7801,24.2996,35,2023.0,4497.0,7275299.845410093,34560629.965,41835929.8104101
80,80,45544,2023,BMX,bmw,x3 xdrive30i,0,0.0,ICE,39.5881,27.0807,21.3085,27.8627,47,2023.0,4149.0,6766021.938760614,39467665.70200001,46233687.64076062
81,81,45545,2023,BMX,bmw,x3 m40i,0,0.0,HEV,36.8272,27.3462,21.499,26.0813,45,2023.0,4392.0,6427763.082706245,38051319.613,44479082.69570624
82,82,45547,2023,BMX,bmw,x3 m competition,0,0.0,ICE,27.8811,18.4775,14.9532,20.153,44,2023.0,4610.0,7440668.820845125,28219497.178000007,35660165.99884513
83,83,45548,2023,BMX,bmw,x4 xdrive30i,0,0.0,ICE,39.5881,27.0807,21.3085,27.8627,48,2023.0,4178.0,6808461.764314736,39467665.70200001,46276127.46631474
84,84,45554,2023,JLX,jaguar,f-pace svr,0,0.0,ICE,29.7137,18.8472,15.1979,21.3781,181,2023.0,4645.0,7491889.299962171,29461383.242000002,36953272.54196218
85,85,45555,2023,KMX,kia,sorento hybrid awd,0,0.0,HEV,45.3,48.7,35.5763,32.7787,207,2023.0,4255.0,6248915.6003904985,53922397.604,60171313.2043905
86,86,45556,2023,MAX,maserati,grecale trofeo,0,0.0,ICE,34.5074,22.1534,17.7124,24.6536,260,2023.0,4634.0,7475791.435096813,34107921.05200001,41583712.487096824
87,87,45557,2023,MAX,maserati,grecale modena,0,0.0,HEV,41.9841,28.336,22.2065,29.3909,259,2023.0,4431.0,6478675.8696428435,41439376.864,47918052.73364285
88,88,45571,2023,VGA,audi,sq8,0,0.0,ICE,28.5063,18.4612,14.3825,20.4043,36,2023.0,5335.0,8501664.45969821,28031611.058000002,36533275.51769821
89,89,45580,2023,GMX,cadillac,escalade 4wd,0,0.0,ICE,38.8,25.5,20.1673,26.0,62,2023.0,6310.0,9928520.663673047,37031126.49700001,46959647.16067305
90,90,45633,2023,GMX,cadillac,escalade 4wd,0,0.0,ICE,26.9024,17.4975,14.2062,18.0933,62,2023.0,6310.0,9928520.663673047,25892331.141000006,35820851.80467305
91,91,45584,2023,GMX,gmc,yukon xl 4wd,0,0.0,ICE,38.8,25.5,20.1673,26.0,131,2023.0,6121.70351758794,9652959.633810189,37031126.49700001,46684086.1308102
92,92,45638,2023,GMX,gmc,yukon xl 4wd,0,0.0,ICE,26.9024,17.4975,14.2062,18.0933,131,2023.0,6121.70351758794,9652959.633810189,25892331.141000006,35545290.774810195
93,93,45640,2023,GMX,gmc,yukon xl 4wd,0,0.0,ICE,28.3563,19.0324,14.6846,18.6011,131,2023.0,6121.70351758794,9652959.633810189,26675828.935000006,36328788.568810195
94,94,45589,2023,VVX,volvo,xc90 b5 awd,0,0.0,HEV,40.0,28.5,22.3233,28.1266,434,2023.0,4662.0,6780236.223036548,40421045.183000006,47201281.406036556
95,95,45590,2023,VVX,volvo,xc90 b6 awd,0,0.0,HEV,36.6,24.8996,19.7308,25.9337,435,2023.0,4764.0,6913392.742716883,36662182.159,43575574.90171689
96,96,45606,2023,TYX,lexus,ux 250h awd,0,0.0,HEV,54.8993,55.9496,41.2367,38.0,233,2023.0,3660.0,5472169.2355885375,62507011.06300001,67979180.29858854
97,97,45608,2023,HYX,hyundai,venue,0,0.0,ICE,49.5554,37.7482,29.3821,32.7368,166,2023.0,2737.0,4699641.466952952,49470106.477000006,54169747.943952955
98,98,45617,2023,BMX,bmw,x1 xdrive28i,0,0.0,ICE,48.7574,31.7179,24.5902,33.6238,43,2023.0,3750.0,6182108.476826295,46826860.856,53008969.332826294
99,99,45629,2023,VGA,audi,q7,0,0.0,HEV,33.4,22.8,18.1909,21.5764,29,2023.0,5049.0,7285447.724176646,31767843.785000004,39053291.50917665
100,100,45706,2023,VGA,audi,q7,0,0.0,ICE,34.9,24.2,19.22,24.8246,29,2023.0,5049.0,8083119.973198923,35331668.026,43414787.99919892
101,101,45630,2023,VGA,audi,q8,0,0.0,HEV,33.5,23.1,18.4122,22.5678,11,2023.0,5115.0,7371607.825146275,32789423.076000005,40161030.90114628
102,102,45631,2023,BMX,bmw,x7 xdrive40i,0,0.0,HEV,34.6868,26.299,20.7456,24.6849,50,2023.0,5424.0,7774993.752413176,36297531.003000006,44072524.75541318
103,103,45643,2023,VGA,audi,r8 coupe quattro,0,0.0,ICE,24.8001,15.7331,13.3031,18.4457,30,2023.0,1800.0,3328396.068876622,25555569.826000005,28883965.894876625
104,104,45652,2023,KMX,kia,rio,0,0.0,ICE,60.4774,43.4723,32.4918,40.6575,205,2023.0,2731.0,4690860.81339003,58588365.627,63279226.44039003
105,105,45661,2023,VGA,audi,s7,0,0.0,HEV,36.9,24.0,19.0736,26.1286,34,2023.0,4784.0,6939501.864222831,36363489.17,43302991.034222834
106,106,45671,2023,VGA,volkswagen,arteon 4motion,0,0.0,ICE,43.2,28.4,22.4551,30.506,427,2023.0,3935.0,6452845.295016391,42588199.099000014,49041044.39401641
107,107,45678,2023,VGA,volkswagen,atlas,0,0.0,ICE,38.0,27.3,21.4659,25.2214,422,2023.0,4694.0,7563597.970726035,37278483.48500001,44842081.45572604
108,108,45680,2023,VGA,volkswagen,atlas,0,0.0,ICE,33.8,23.1,18.4122,24.1023,422,2023.0,4694.0,7563597.970726035,34126448.271000005,41690046.24172604
109,109,45682,2023,VGA,volkswagen,taos,0,0.0,ICE,52.4,36.8,28.0777,35.8485,424,2023.0,3505.0,5823565.123006977,51251468.08800001,57075033.211006984
110,110,45684,2023,VGA,audi,q5 s-line quattro,0,0.0,HEV,39.0555,28.414,22.1292,28.5808,28,2023.0,4619.0,6724101.611798758,40678422.236,47402523.84779876
111,111,45686,2023,HYX,hyundai,tucson hybrid,0,0.0,HEV,48.0,50.7,37.3332,35.7681,163,2023.0,3714.0,5542663.863654598,57779568.159,63322232.0226546
112,112,45705,2023,VGA,audi,rs q8,0,0.0,HEV,26.9985,16.9487,13.4189,19.7539,31,2023.0,5622.0,8033474.055322065,26777970.230000008,34811444.28532207
113,113,45709,2023,PRX,porsche,cayenne s coupe,0,0.0,ICE,29.2,20.3,16.3295,21.0424,344,2023.0,4753.0,7649941.064094769,29975590.799000002,37625531.86309477
114,114,45719,2023,TYX,toyota,camry,0,0.0,ICE,47.8,28.6,22.3944,33.0332,391,2023.0,3425.0,5706489.742168016,44746901.308000006,50453391.05016802
115,115,45739,2023,HNX,honda,ridgeline awd,0,0.0,ICE,33.3,23.6,18.0,23.7728,154,2023.0,4526.0,7317739.670964217,33545498.36800001,40863238.03896423
116,116,45750,2023,GMX,chevrolet,bolt euv,247,0.0,EV,149.0,178.2,124.74,104.3,67,2023.0,3717.0,5842101.064130421,23323773.87325631,29165874.937386733
117,117,45756,2023,TYX,toyota,bz4x,252,0.0,EV,153.4,186.6,130.62,107.38,408,2023.0,4295.0,6642608.681850998,22464754.044254355,29107362.726105355
118,118,45759,2023,TYX,toyota,bz4x limited awd,222,0.0,EV,138.4,167.1,112.0,92.0,409,2023.0,4490.0,6912676.130735967,26209917.693731137,33122593.824467104
119,119,45760,2023,VVX,volvo,c40 recharge twin,226,0.0,EV,112.4,132.0,94.3602,80.3491,432,2023.0,4769.0,7299080.326832924,30549066.22782044,37848146.55465336
120,120,45761,2023,VVX,volvo,xc40 recharge twin,223,0.0,EV,109.9,128.4,91.9344,78.6884,433,2023.0,4749.0,7271381.101306261,31272650.11756586,38544031.21887212
121,121,45763,2023,MAX,maserati,mc20 spyder,0,0.0,ICE,31.8508,18.1829,15.0516,24.9347,263,2023.0,3781.0,6227475.186901392,32455988.581,38683463.76790139
122,122,45766,2023,NSX,nissan,kicks,0,0.0,ICE,52.6025,41.2,31.0089,35.9711,322,2023.0,2710.0,4660128.5259198025,53447913.862,58108042.387919806
123,123,45767,2023,VGA,lamborghini,urus performante,0,0.0,ICE,26.0,17.4,14.1316,18.8752,235,2023.0,5115.0,8179707.162391067,26520426.836000003,34700133.99839107
124,124,45828,2023,GMX,gmc,terrain awd,0,0.0,ICE,40.3619,30.4899,23.7306,28.3581,130,2023.0,3762.0,6199669.783952139,41626003.545,47825673.32895214
125,125,45833,2023,NSX,nissan,pathfinder 4wd rock creek,0,0.0,ICE,35.2,24.9,19.7311,23.4195,327,2023.0,4616.0,7449449.474408047,34471748.424,41921197.89840805
126,126,45834,2023,PRX,porsche,macan,0,0.0,ICE,35.6,24.9676,19.0,25.2823,348,2023.0,4191.0,6827486.513701067,35573630.813,42401117.32670107
127,127,45839,2023,FJX,subaru,forester wilderness awd,0,0.0,ICE,40.4,31.9,24.7171,28.3824,385,2023.0,3636.0,6015276.059130776,42350442.363,48365718.42213077
128,128,45848,2023,JLX,land rover,new range rover,0,0.0,ICE,31.9035,19.3349,15.6027,21.1145,219,2023.0,5950.0,9401681.449897721,29520283.798,38921965.24789772
129,129,45851,2023,JLX,land rover,new range rover,0,0.0,ICE,31.9035,19.3349,15.6027,21.1145,219,2023.0,5950.0,9401681.449897721,29520283.798,38921965.24789772
130,130,45852,2023,TYX,lexus,gx 460,0,0.0,ICE,26.3,17.9,14.5136,19.0798,223,2023.0,5330.0,8494347.248395775,26971020.842000004,35465368.09039578
131,131,45856,2023,TYX,toyota,4runner 4wd,0,0.0,ICE,28.059,19.6898,15.8705,18.9368,389,2023.0,4675.0,7535792.567776781,27813743.953000005,35349536.520776786
132,132,45857,2023,TYX,toyota,4runner 4wd,0,0.0,ICE,27.7,19.6,15.8028,18.6887,389,2023.0,4675.0,7535792.567776781,27549309.289000005,35085101.85677679
133,133,45860,2023,VGA,bentley,continental gt,0,0.0,ICE,30.3,18.7,15.4062,22.591,57,2023.0,5450.0,8669960.319654215,30666690.128000006,39336650.44765422
134,134,45862,2023,TYX,lexus,es 300h,0,0.0,HEV,60.7324,59.72,43.0,44.3348,222,2023.0,3730.0,5563551.160859357,69283624.58800001,74847175.74885938
135,135,45866,2023,TYX,toyota,tacoma 4wd,0,0.0,ICE,31.2566,22.7063,18.1217,22.4184,404,2023.0,4399.347826086957,7132391.527277319,32452154.817000005,39584546.34427732
136,136,45867,2023,TYX,toyota,tacoma 4wd,0,0.0,ICE,28.5,21.3,17.0777,20.571,404,2023.0,4399.347826086957,7132391.527277319,30098239.563,37230631.09027732
137,137,45869,2023,TYX,toyota,tacoma 4wd,0,0.0,ICE,31.0,23.3,18.5595,22.2474,404,2023.0,4399.347826086957,7132391.527277319,32615264.049000002,39747655.57627732
138,138,45876,2023,TYX,toyota,tundra 4wd,0,0.0,ICE,31.5,21.6,17.3012,22.5804,405,2023.0,5665.0,8984600.405658923,32008380.792000003,40992981.197658926
139,139,45877,2023,TYX,toyota,tundra 4wd,0,0.0,ICE,31.1448,21.7725,17.4296,22.3439,405,2023.0,5665.0,8984600.405658923,31893851.053000007,40878451.45865893
140,140,45878,2023,TYX,toyota,tundra 4wd,0,0.0,HEV,31.1,23.7491,18.8896,22.3141,405,2023.0,5665.0,8089608.666559854,32908705.415,40998314.08155985
141,141,45879,2023,TYX,toyota,tundra 4wd pro,0,0.0,HEV,28.1,22.9,18.2647,20.301,406,2023.0,6105.0,8664009.339690715,30709186.292999998,39373195.63269071
142,142,45890,2023,CRX,dodge,durango awd,0,0.0,ICE,35.4,23.4,18.0,25.1517,84,2023.0,5020.9375,8042052.124764006,34746947.727000006,42788999.85176401
143,143,45891,2023,CRX,dodge,durango awd,0,0.0,ICE,30.1,17.3,14.0551,21.6461,84,2023.0,5020.9375,8042052.124764006,28880203.630000003,36922255.754764006
144,144,45901,2023,VGA,bentley,flying spur,0,0.0,ICE,28.8,18.6,14.812,21.7771,58,2023.0,5401.0,8598251.648890352,29533931.681000005,38132183.329890355
145,145,45902,2023,VGA,bentley,flying spur,0,0.0,ICE,26.5,15.0,12.2803,19.216,58,2023.0,5401.0,8598251.648890352,25497596.027,34095847.67589035
146,146,45903,2023,GMX,chevrolet,malibu,0,0.0,ICE,50.3074,35.8834,27.4569,34.5748,71,2023.0,3134.0,5280628.044366296,49699118.429000005,54979746.473366305
147,147,45905,2023,VGA,bentley,bentayga,0,0.0,ICE,29.6,18.3,14.4974,21.0289,54,2023.0,5437.0,8650935.570267884,28657742.345000003,37308677.915267885
148,148,45907,2023,VGA,bentley,bentayga speed,0,0.0,ICE,25.5,14.9,12.2026,18.5337,56,2023.0,5672.0,8994844.501482332,24847709.661000002,33842554.162482336
149,149,45928,2023,TYX,lexus,is 300,0,0.0,ICE,44.7,27.1,21.3224,31.1035,224,2023.0,3760.0,6196742.899431164,42301316.321,48498059.220431164
150,150,45930,2023,TYX,toyota,corolla hybrid awd,0,0.0,HEV,61.0,65.5,47.0,41.0,394,2023.0,3265.0,4956514.085846059,69229540.00000001,74186054.08584607
151,151,46132,2023,TYX,toyota,corolla hybrid awd,0,0.0,HEV,67.2,72.7,51.0,44.0,394,2023.0,3265.0,4956514.085846059,74695030.00000001,79651544.08584607
152,152,45933,2023,HYX,hyundai,elantra n,0,0.0,ICE,38.6752,23.6938,19.5079,29.6202,168,2023.0,3296.0,5517705.690565192,39715363.29300001,45233068.983565204
153,153,45934,2023,HYX,hyundai,elantra n,0,0.0,ICE,42.1,26.4,21.6676,30.7233,168,2023.0,3296.0,5517705.690565192,42216133.887,47733839.57756519
154,154,45949,2023,TYX,toyota,sienna awd,0,0.0,HEV,48.5008,47.0,34.5397,35.6386,403,2023.0,4860.0,7038716.525945435,55675275.29900001,62713991.82494544
155,155,45950,2023,HNX,honda,cr-v fwd,0,0.0,ICE,48.9932,36.6388,27.9688,33.7689,150,2023.0,3637.186046511628,6017011.769718795,49361858.091000006,55378869.8607188
156,156,45952,2023,HNX,honda,cr-v awd,0,0.0,ICE,45.7,35.0,26.8552,31.7289,149,2023.0,3640.0,6021129.828172724,46790511.387,52811641.21517272
157,157,45976,2023,MBX,mercedes-benz,metris (us postal long),0,0.0,ICE,34.5,24.1,19.1468,24.5623,301,2023.0,4317.0,7011880.238522431,35050939.865,42062820.103522435
158,158,45981,2023,VGA,audi,e-tron gt,238,0.0,EV,116.3,113.2,80.7116,82.9219,14,2023.0,5115.0,7778276.928444203,32311608.193766076,40089885.12221028
159,159,45982,2023,VGA,audi,rs e-tron gt,232,0.0,EV,115.3,111.7,79.4187,81.9783,12,2023.0,5170.0,7854449.798642526,32751663.651155476,40606113.449798
160,160,45999,2023,HYX,genesis,electrified g80,282,0.0,EV,132.1,154.8,108.36,92.47,132,2023.0,5037.0,7670249.948890216,26572860.877699316,34243110.82658953
161,161,46000,2023,HYX,hyundai,kona electric,258,0.0,EV,155.5,195.5,136.85,108.85,157,2023.0,3770.0,5915504.011776079,21796638.016194686,27712142.027970765
162,162,46001,2023,JLX,jaguar,i-pace ev400 (20 inch tires),246,0.0,EV,107.9,117.3,88.7855,81.6706,182,2023.0,4870.0,7438961.415742575,31190406.423707295,38629367.83944987
163,163,46002,2023,JLX,jaguar,i-pace ev400 (22 inch tires),217,0.0,EV,101.3,110.4,78.5551,72.08,183,2023.0,4870.0,7438961.415742575,35298942.89343331,42737904.309175886
164,164,46003,2023,KMX,kia,ev6 awd gt,206,0.0,EV,105.4,121.0,84.7,73.78,196,2023.0,4795.0,7335089.320017586,33639180.71348317,40974270.03350075
165,165,46006,2023,KMX,kia,ev6 long range rwd,310,0.0,EV,148.2,197.4,138.18,103.74,199,2023.0,4300.0,6649533.488232663,22200990.347597618,28850523.83583028
166,166,46007,2023,KMX,kia,ev6 standard range rwd,232,0.0,EV,145.6,197.2,138.04,101.92,200,2023.0,4017.0,6257589.447030374,22400880.794987433,28658470.242017806
167,167,46008,2023,KMX,kia,niro electric,253,0.0,EV,146.6,183.0,128.1,102.62,203,2023.0,3801.0,5958437.811342408,23203562.98815669,29162000.7994991
168,168,46009,2023,MBX,mercedes-benz,eqs 450 4matic,340,0.0,EV,147.0,141.2,106.6907,111.0732,287,2023.0,5812.0,8743594.93804843,24263754.386167545,33007349.324215975
169,169,46010,2023,MBX,mercedes-benz,eqs 450 4matic (suv),285,0.0,EV,108.1,111.6,80.2627,77.7455,288,2023.0,6314.0,9438845.498767683,33560607.93276884,42999453.43153652
170,170,46012,2023,MBX,mercedes-benz,eqs 580 4matic (suv),285,0.0,EV,107.4,115.0,82.6965,77.2313,292,2023.0,6396.0,9552412.323427005,33218476.938657343,42770889.26208435
171,171,46016,2023,NSX,nissan,leaf,149,0.0,EV,141.2,175.6,122.92,98.84,323,2023.0,3524.0,5574803.537798117,24136563.031719286,29711366.569517404
172,172,46018,2023,PRX,porsche,taycan 4 cross turismo,235,0.0,EV,115.0,114.3,80.01,80.5,353,2023.0,5146.0,7821210.7280105315,32974815.327285852,40796026.055296384
173,173,46019,2023,PRX,porsche,taycan 4s cross turismo,230,0.0,EV,112.7,112.4,78.68,78.89,354,2023.0,5146.0,7821210.7280105315,33595848.58357196,41417059.31158249
174,174,46020,2023,PRX,porsche,taycan 4s perf battery plus,235,0.0,EV,115.1,112.9,79.03,80.57,356,2023.0,5088.0,7740882.973983208,33140975.337917607,40881858.31190082
175,175,46022,2023,PRX,porsche,taycan gts,246,0.0,EV,117.5,119.0,83.3,82.25,357,2023.0,5077.0,7725648.399943544,32000987.483052913,39726635.882996455
176,176,46025,2023,PRX,porsche,taycan performance battery,208,0.0,EV,125.4,113.2,79.24,87.78,359,2023.0,4716.0,7225677.379187266,31537959.267865714,38763636.64705298
177,177,46026,2023,PRX,porsche,taycan turbo,238,0.0,EV,113.9,116.2,81.34,79.73,361,2023.0,5280.0,8006795.539039178,32903090.40596666,40909885.945005834
178,178,46027,2023,PRX,porsche,taycan turbo cross turismo,233,0.0,EV,113.6,117.4,82.18,79.52,362,2023.0,5351.0,8105127.789658834,32796086.166072134,40901213.95573097
179,179,46029,2023,PRX,porsche,taycan turbo s cross turismo,222,0.0,EV,106.2,109.8,76.86,74.34,363,2023.0,5324.0,8067733.835197837,35074352.585881814,43142086.42107965
180,180,46031,2023,FJX,subaru,solterra limited/touring awd,222,0.0,EV,136.1,163.4,114.38,95.27,388,2023.0,4505.0,6933450.549880966,25485842.206488382,32419292.75636935
181,181,46034,2023,VGA,volkswagen,id.4 awd pro s,255,0.0,EV,132.2,148.9,104.23,92.54,428,2023.0,4824.0,7375253.197031248,27067363.531544775,34442616.72857602
182,182,46036,2023,VGA,volkswagen,id.4 pro s,275,0.0,EV,140.4,164.5,115.15,98.28,429,2023.0,4636.0,7114880.477080611,25003912.16773962,32118792.64482023
183,183,46037,2023,VGA,volkswagen,id.4 s,209,0.0,EV,140.9,164.5,115.15,98.63,430,2023.0,4436.0,6837888.221813976,24958531.519335918,31796419.741149895
184,184,46042,2023,TYX,lexus,rc 350 awd,0,0.0,ICE,36.7,24.2,19.22,25.9987,230,2023.0,3965.0,6496748.562831002,36354673.096999995,42851421.659830995
185,185,46044,2023,TYX,lexus,lc 500,0,0.0,ICE,34.51,19.3,15.5764,24.5689,225,2023.0,4355.0,7067491.044420938,32511388.055000003,39578879.09942094
186,186,46051,2023,HNX,honda,civic 4dr,0,0.0,ICE,62.1,44.0943,32.8942,41.6035,146,2023.0,2976.972972972973,5050828.056976307,59699491.823,64750319.8799763
187,187,46052,2023,HNX,honda,civic 4dr,0,0.0,ICE,56.5,41.2,31.0089,38.3105,146,2023.0,2976.972972972973,5050828.056976307,55486256.476,60537084.532976314
188,188,46053,2023,HNX,honda,civic 4dr,0,0.0,ICE,56.3,35.8,27.4002,37.0,146,2023.0,2976.972972972973,5050828.056976307,51771798.578,56822626.63497631
189,189,46054,2023,HNX,honda,civic 4dr,0,0.0,ICE,55.1,40.0,30.2174,37.4747,146,2023.0,2976.972972972973,5050828.056976307,54193763.14299999,59244591.199976295
190,190,46067,2023,TYX,toyota,rav4,0,0.0,ICE,50.7,34.9,26.7869,34.8146,401,2023.0,3450.0,5743075.798680192,49430422.267000005,55173498.0656802
191,191,46068,2023,TYX,toyota,rav4,0,0.0,ICE,50.1728,35.8884,27.4603,34.4925,401,2023.0,3450.0,5743075.798680192,49629833.442,55372909.240680195
192,192,46069,2023,HNX,acura,rdx awd,0,0.0,ICE,39.0,27.2,21.3942,27.4851,6,2023.0,4052.0,6624068.039493373,39199753.719000004,45823821.75849338
193,193,46070,2023,HNX,acura,rdx awd a-spec,0,0.0,ICE,38.3945,26.4413,20.8483,25.8195,7,2023.0,4087.0,6675288.518610418,37359333.132,44034621.65061042
194,194,46076,2023,TYX,toyota,rav4 awd trd offroad,0,0.0,ICE,45.7,32.1,24.8563,31.7289,402,2023.0,3660.0,6050398.673382464,45365515.56600001,51415914.23938247
195,195,46079,2023,TYX,toyota,venza awd,0,0.0,HEV,51.9846,54.4603,40.047,37.0298,407,2023.0,3860.0,5733260.45064802,60813540.868,66546801.31864802
196,196,46085,2023,PRX,porsche,911 gt3 touring,0,0.0,ICE,25.4,18.5,14.9703,18.4653,338,2023.0,3263.0,5469412.09596912,26761177.71,32230589.80596912
197,197,46086,2023,PRX,porsche,911 gt3 touring,0,0.0,ICE,25.9,17.1,13.9018,18.0,338,2023.0,3263.0,5469412.09596912,25594034.202000007,31063446.297969125
198,198,46113,2023,PRX,porsche,911 targa 4 gts,0,0.0,ICE,31.6,21.6,17.3012,22.0,339,2023.0,3796.0,6249426.8208086975,31502672.468000006,37752099.2888087
199,199,46114,2023,PRX,porsche,911 targa 4 gts,0,0.0,ICE,34.0,20.7,16.0,23.0,339,2023.0,3796.0,6249426.8208086975,31446370.000000004,37695796.8208087
200,200,46118,2023,PRX,porsche,911 turbo s,0,0.0,ICE,28.9,19.0,15.3495,20.0,340,2023.0,3635.0,6013812.616870289,28368705.055,34382517.67187029
201,201,46119,2023,PRX,porsche,911 turbo s cabriolet,0,0.0,ICE,28.5,18.2,14.7421,20.0,341,2023.0,3790.0,6240646.167245775,27935695.669,34176341.836245775
202,202,46129,2023,HNX,acura,tlx type-s perf tire,0,0.0,ICE,35.2,24.0,19.0736,24.0,9,2023.0,4215.0,6862609.127952756,34508818.704,41371427.83195276
203,203,46134,2023,TYX,lexus,ls 500h awd,0,0.0,HEV,39.0,29.2,22.0,28.5542,227,2023.0,5080.0,7325916.862510866,40563140.002,47889056.864510864
204,204,46136,2023,TYX,lexus,ls 500 awd,0,0.0,ICE,39.3533,22.1,17.0,27.0,226,2023.0,4900.0,7865067.076386359,35644500.0,43509567.07638636
205,205,46137,2023,HNX,honda,civic 5dr,0,0.0,ICE,58.5,42.1,31.0,39.4957,147,2023.0,3037.065,5138769.268845987,56512588.367000006,61651357.63584599
206,206,46137,2023,HNX,honda,civic 5dr,0,0.0,ICE,58.5,42.1,31.0,39.4957,148,2023.0,3194.0,5368434.579995517,56512588.367000006,61881022.94699553
207,207,46138,2023,HNX,honda,civic 5dr,0,0.0,ICE,54.9,40.2,30.3497,37.3549,147,2023.0,3037.065,5138769.268845987,54183695.55200001,59322464.82084599
208,208,46138,2023,HNX,honda,civic 5dr,0,0.0,ICE,54.9,40.2,30.3497,37.3549,148,2023.0,3194.0,5368434.579995517,54183695.55200001,59552130.13199553
209,209,46139,2023,HNX,honda,civic 5dr,0,0.0,ICE,54.9,36.2,27.6717,37.3549,147,2023.0,3037.065,5138769.268845987,52274576.13200001,57413345.40084599
210,210,46139,2023,HNX,honda,civic 5dr,0,0.0,ICE,54.9,36.2,27.6717,37.3549,148,2023.0,3194.0,5368434.579995517,52274576.13200001,57643010.71199553
211,211,46140,2023,HNX,honda,civic 5dr,0,0.0,ICE,53.8,37.8,28.7509,36.6941,147,2023.0,3037.065,5138769.268845987,52468165.37200001,57606934.640846
212,212,46140,2023,HNX,honda,civic 5dr,0,0.0,ICE,53.8,37.8,28.7509,36.6941,148,2023.0,3194.0,5368434.579995517,52468165.37200001,57836599.95199552
213,213,46141,2023,HNX,honda,civic 5dr,0,0.0,ICE,52.5,33.9,26.1013,35.909,147,2023.0,3037.065,5138769.268845987,49895226.547000006,55033995.815845996
214,214,46141,2023,HNX,honda,civic 5dr,0,0.0,ICE,52.5,33.9,26.1013,35.909,148,2023.0,3194.0,5368434.579995517,49895226.547000006,55263661.12699552
215,215,46142,2023,HNX,honda,civic 5dr,0,0.0,ICE,40.199,26.4491,21.7346,28.0,147,2023.0,3037.065,5138769.268845987,39891058.99400001,45029828.26284599
216,216,46142,2023,HNX,honda,civic 5dr,0,0.0,ICE,40.199,26.4491,21.7346,28.0,148,2023.0,3194.0,5368434.579995517,39891058.99400001,45259493.57399553
217,217,46150,2023,TYX,lexus,nx 350 awd,0,0.0,ICE,41.4673,29.095,22.0,29.0627,228,2023.0,4035.0,6599189.521065094,41006201.137,47605390.658065096
218,218,46151,2023,TYX,lexus,nx 350 awd,0,0.0,ICE,40.6,28.7,22.4655,28.0,228,2023.0,4035.0,6599189.521065094,40412110.29500001,47011299.8160651
219,219,46153,2023,MTX,mitsubishi,outlander sport 4wd,0,0.0,ICE,41.8169,30.1356,23.4813,29.2848,255,2023.0,3324.0,5558682.073858827,42255723.04500001,47814405.11885884
220,220,46154,2023,MTX,mitsubishi,outlander sport 4wd,0,0.0,ICE,40.4965,29.5312,23.0548,28.4441,255,2023.0,3324.0,5558682.073858827,41219165.143,46777847.21685883
221,221,46155,2023,TYX,toyota,highlander awd,0,0.0,ICE,39.3,27.0,21.2505,27.6779,397,2023.0,4370.0,7089442.678328242,39265299.994,46354742.67232825
222,222,46156,2023,BMX,bmw,alpina xb7,0,0.0,HEV,28.0,19.2,15.5008,20.2334,40,2023.0,5948.327683615819,8459480.512436068,28679929.066,37139409.57843607
223,223,46202,2023,FMX,ford,bronco raptor 4wd,0,0.0,ICE,24.0,18.5,14.9703,15.8555,97,2023.0,5725.0,9072406.941288143,24487232.872,33559639.813288145
224,224,46204,2023,TSL,tesla,model 3 long range awd,358,345.4,EV,173.4,184.5,134.2791,126.2005,410,2023.0,4052.0,6306063.091702035,20388831.584575545,26694894.676277578
225,225,46205,2023,TSL,tesla,model 3 performance awd,315,299.0,EV,143.1,157.3,117.5346,106.9243,411,2023.0,4065.0,6324067.588294367,23699435.335411612,30023502.92370598
226,226,46206,2023,TSL,tesla,model 3 rwd,272,260.6,EV,170.1,185.3,137.5297,126.2482,412,2023.0,3880.0,6067849.752172729,20157656.248040173,26225506.0002129
227,227,46211,2023,TSL,tesla,model y awd,279,263.3,EV,150.9,167.3,128.5031,115.9063,419,2023.0,4356.0,6727091.319707321,21774252.399442162,28501343.719149485
228,228,46212,2023,TSL,tesla,model y long range awd,330,315.7,EV,152.1,164.8,126.5829,116.828,420,2023.0,4381.0,6761715.351615651,21838407.904743325,28600123.256358974
229,229,46213,2023,TSL,tesla,model y performance awd,303,0.0,EV,137.5,149.6,114.9078,105.6138,421,2023.0,4416.0,6810188.996287312,24110161.35424523,30920350.350532543
230,230,46218,2023,TYX,toyota,gr corolla,0,0.0,ICE,40.295,26.8912,21.1723,28.3153,396,2023.0,3270.0,5479656.191792529,39764924.99000001,45244581.18179254
231,231,46245,2023,VGA,bentley,flying spur hybrid,0,0.0,PHEV,30.5,21.5,17.2268,21.9137,38,2023.0,5690.0,8084102.174406436,31374439.399,39458541.573406436
232,232,46248,2023,BMX,bmw,x5 xdrive45e,0,0.0,PHEV,31.9,24.3,19.2381,22.0961,49,2023.0,5646.0,8026957.0609312365,32967202.000000004,40994159.06093124
233,233,46249,2023,CRX,chrysler,pacifica hybrid,0,0.0,PHEV,42.7998,42.7429,29.4158,29.6499,79,2023.0,5069.0,7277576.82285874,46804484.031,54082060.85385874
234,234,46252,2023,CRX,jeep,wrangler 4dr 4xe,0,0.0,PHEV,29.8,27.6,20.3076,19.8362,194,2023.0,5361.0,7656812.575921424,31760564.386000004,39417376.96192142
235,235,46253,2023,CRX,jeep,grand cherokee 4xe,0,0.0,PHEV,37.4,30.3,22.8474,24.299,187,2023.0,5396.0,7702268.916185788,37459644.67600001,45161913.592185795
236,236,46258,2023,PRX,porsche,panamera turbo s e-hybrid,0,0.0,PHEV,30.1,22.3,17.8416,21.6794,352,2023.0,5408.0,7717853.947133569,31608576.238000005,39326430.18513358
237,237,46259,2023,PRX,porsche,cayenne turbo s e-hybrid,0,0.0,PHEV,26.9,21.2,17.0142,19.5061,346,2023.0,5677.0,8067218.390879673,29125113.029000003,37192331.419879675
238,238,46264,2023,CRX,dodge,challenger,0,0.0,ICE,43.1,23.9,19.0003,30.0971,80,2023.0,4211.0,6856755.358910808,39769028.068,46625783.42691081
239,239,46265,2023,CRX,dodge,challenger,0,0.0,ICE,35.1989,19.8,15.9536,25.0202,80,2023.0,4211.0,6856755.358910808,33173512.366,40030267.72491081
240,240,46266,2023,CRX,dodge,challenger,0,0.0,ICE,32.6,18.7,15.1221,23.3102,80,2023.0,4211.0,6856755.358910808,31090804.231,37947559.589910805
241,241,46267,2023,CRX,dodge,challenger,0,0.0,ICE,34.2974,18.1912,14.7354,24.4293,80,2023.0,4211.0,6856755.358910808,31790212.689000007,38646968.04791082
242,242,46268,2023,CRX,dodge,challenger,0,0.0,ICE,31.4,17.3,14.0551,22.5138,80,2023.0,4211.0,6856755.358910808,29636239.317,36492994.67591081
243,243,46272,2023,CRX,dodge,challenger awd,0,0.0,ICE,38.1,23.0,18.3385,26.9053,81,2023.0,4085.0,6672361.634089444,36516190.208000004,43188551.842089444
244,244,46277,2023,CRX,chrysler,300,0,0.0,ICE,43.1,23.9,19.0003,30.0971,78,2023.0,4375.0,7096759.889630677,39769028.068,46865787.95763068
245,245,46278,2023,CRX,chrysler,300,0,0.0,ICE,35.1989,19.8,15.9536,25.0202,78,2023.0,4375.0,7096759.889630677,33173512.366,40270272.25563068
246,246,46279,2023,CRX,chrysler,300,0,0.0,ICE,34.2974,18.1912,14.7354,24.4293,78,2023.0,4375.0,7096759.889630677,31790212.689000007,38886972.578630686
247,247,46283,2023,CRX,dodge,charger srt widebody,0,0.0,ICE,28.4,15.1,12.3581,20.5036,82,2023.0,4624.0,7461157.012491943,26674957.625000004,34136114.63749195
248,248,46285,2023,CRX,dodge,charger widebody,0,0.0,ICE,34.2974,18.1912,14.7354,24.4293,83,2023.0,4411.0,7149443.81100821,31790212.689000007,38939656.50000822
249,249,46335,2023,FMX,ford,mustang,0,0.0,ICE,42.1258,26.3418,20.7765,29.4808,120,2023.0,3854.496551724138,6335033.146694565,40498274.933,46833308.07969456
250,250,46336,2023,FMX,ford,mustang,0,0.0,ICE,31.5043,18.1516,14.7053,23.8439,120,2023.0,3854.496551724138,6335033.146694565,31258689.826000005,37593722.97269457
251,251,46337,2023,FMX,ford,mustang,0,0.0,ICE,46.6,27.5,21.6093,32.2893,120,2023.0,3854.496551724138,6335033.146694565,43539043.86000001,49874077.00669457
252,252,46340,2023,FMX,ford,mustang,0,0.0,ICE,34.2463,19.1494,15.4625,24.3958,120,2023.0,3854.496551724138,6335033.146694565,32279366.123000003,38614399.26969457
253,253,46343,2023,FMX,ford,mustang,0,0.0,ICE,44.0964,26.667,21.011,30.7247,120,2023.0,3854.496551724138,6335033.146694565,41749270.14700001,48084303.29369457
254,254,46361,2023,TYX,toyota,prius awd xle/ltd,0,0.0,HEV,69.3,71.0,49.0,50.0,400,2023.0,3310.0,5015259.609234443,78497110.0,83512369.60923444
255,255,46363,2023,HNX,honda,accord,0,0.0,ICE,55.7106,39.237,29.0,37.0,145,2023.0,3399.191304347826,5668720.206262577,52912280.00000001,58581000.20626259
256,256,46367,2023,FMX,ford,maverick awd,0,0.0,ICE,42.0,27.5,21.6093,28.0,114,2023.0,3866.0,6351867.779042789,39801733.877000004,46153601.65604279
257,257,46368,2023,FMX,ford,maverick tremor awd,0,0.0,ICE,36.1,24.9,19.7311,23.8419,115,2023.0,3866.0,6351867.779042789,34839789.76800001,41191657.547042795
258,258,46389,2023,FMX,ford,escape awd hev,0,0.0,HEV,52.5399,59.0616,42.1351,35.9332,100,2023.0,3770.0,5615769.403871253,61346647.93100001,66962417.33487126
259,259,46391,2023,TYX,lexus,rx 500h awd,0,0.0,HEV,40.0396,36.1324,27.0,28.152,231,2023.0,4750.0,6895116.35766272,43777149.12,50672265.47766272
260,260,46396,2023,FMX,lincoln,corsair awd,0,0.0,ICE,40.2717,26.5487,20.9257,28.3004,243,2023.0,3945.0,6467479.717621262,39576143.797000006,46043623.514621265
261,261,46409,2023,FMX,ford,explorer awd,0,0.0,ICE,38.5,25.8,20.3848,27.1633,103,2023.0,4431.0,7178712.65621795,38199774.995,45378487.651217945
262,262,46410,2023,FMX,ford,explorer awd,0,0.0,ICE,34.8,22.2,17.7469,24.0,103,2023.0,4431.0,7178712.65621795,33563027.54100001,40741740.197217956
263,263,46411,2023,FMX,ford,explorer awd,0,0.0,ICE,34.5022,22.0009,17.5992,24.0,103,2023.0,4431.0,7178712.65621795,33457733.688,40636446.34421795
264,264,46416,2023,FMX,ford,explorer awd,0,0.0,ICE,38.5,24.7,19.5853,26.0,103,2023.0,4431.0,7178712.65621795,36616224.517000005,43794937.17321795
265,265,46417,2023,FMX,ford,explorer timberline awd,0,0.0,ICE,35.2,23.6,18.7801,21.4515,105,2023.0,4583.0,7401155.879811976,32079051.954,39480207.833811976
266,266,46420,2023,FMX,ford,explorer timberline awd,0,0.0,ICE,35.2,24.2,19.22,22.3711,105,2023.0,4583.0,7401155.879811976,33193908.941,40595064.82081197
267,267,46424,2023,HNX,honda,pilot awd trailsport,0,0.0,ICE,32.0,22.6,18.0431,22.9126,153,2023.0,4721.0,7603110.911759184,32826723.065,40429833.97675919
